SPRINT 2 - RATIO EDGE CASE LOG
======================================================================
ABB | 2012 | VERSION_DIFFERENCE | ROCE source=46.0000, calculated=36.3215, difference=9.6785
ABB | 2012 | VERSION_DIFFERENCE | ROE source=34.9000, calculated=22.4111, difference=12.4889
ABB | 2014 | VERSION_DIFFERENCE | ROCE source=46.0000, calculated=40.1015, difference=5.8985
ABB | 2014 | VERSION_DIFFERENCE | ROE source=34.9000, calculated=25.1269, difference=9.7731
ABB | 2015 | VERSION_DIFFERENCE | ROCE source=46.0000, calculated=38.4205, difference=7.5795
ABB | 2015 | VERSION_DIFFERENCE | ROE source=34.9000, calculated=24.4397, difference=10.4603
ABB | 2016 | VERSION_DIFFERENCE | ROCE source=46.0000, calculated=34.7280, difference=11.2720
ABB | 2016 | VERSION_DIFFERENCE | ROE source=34.9000, calculated=21.3389, difference=13.5611
ABB | 2017 | VERSION_DIFFERENCE | ROCE source=46.0000, calculated=32.8046, difference=13.1954
ABB | 2017 | VERSION_DIFFERENCE | ROE source=34.9000, calculated=19.9712, difference=14.9288
ABB | 2018 | VERSION_DIFFERENCE | ROCE source=46.0000, calculated=37.9209, difference=8.0791
ABB | 2018 | VERSION_DIFFERENCE | ROE source=34.9000, calculated=23.6858, difference=11.2142
ABB | 2019 | VERSION_DIFFERENCE | ROCE source=46.0000, calculated=35.7570, difference=10.2430
ABB | 2019 | VERSION_DIFFERENCE | ROE source=34.9000, calculated=22.4104, difference=12.4896
ABB | 2020 | VERSION_DIFFERENCE | ROCE source=46.0000, calculated=33.4229, difference=12.5771
ABB | 2020 | VERSION_DIFFERENCE | ROE source=34.9000, calculated=24.3933, difference=10.5067
ABB | 2021 | VERSION_DIFFERENCE | ROCE source=46.0000, calculated=36.4065, difference=9.5935
ABB | 2021 | VERSION_DIFFERENCE | ROE source=34.9000, calculated=26.5565, difference=8.3435
ABB | 2022 | VERSION_DIFFERENCE | ROCE source=46.0000, calculated=39.1992, difference=6.8008
ABB | 2022 | VERSION_DIFFERENCE | ROE source=34.9000, calculated=28.3333, difference=6.5667
ABB | 2023 | VERSION_DIFFERENCE | ROE source=34.9000, calculated=29.7679, difference=5.1321
ADANIENSOL | 2014 | VERSION_DIFFERENCE | ROCE source=9.0000, calculated=0.0000, difference=9.0000
ADANIENSOL | 2014 | VERSION_DIFFERENCE | ROE source=8.5900, calculated=0.0000, difference=8.5900
ADANIENSOL | 2015 | VERSION_DIFFERENCE | ROCE source=9.0000, calculated=0.9644, difference=8.0356
ADANIENSOL | 2015 | VERSION_DIFFERENCE | ROE source=8.5900, calculated=-0.6464, difference=9.2364
ADANIENSOL | 2016 | VERSION_DIFFERENCE | ROCE source=9.0000, calculated=17.7401, difference=8.7401
ADANIENSOL | 2016 | VERSION_DIFFERENCE | ROE source=8.5900, calculated=13.7725, difference=5.1825
ADANIENSOL | 2017 | VERSION_DIFFERENCE | ROCE source=9.0000, calculated=16.8176, difference=7.8176
ADANIENSOL | 2017 | VERSION_DIFFERENCE | ROE source=8.5900, calculated=14.1161, difference=5.5261
ADANIENSOL | 2018 | VERSION_DIFFERENCE | ROCE source=9.0000, calculated=17.8162, difference=8.8162
ADANIENSOL | 2018 | VERSION_DIFFERENCE | ROE source=8.5900, calculated=18.8707, difference=10.2807
ADANIENSOL | 2021 | VERSION_DIFFERENCE | ROCE source=9.0000, calculated=14.0640, difference=5.0640
ADANIENSOL | 2021 | VERSION_DIFFERENCE | ROE source=8.5900, calculated=14.4635, difference=5.8735
ADANIENT | 2013 | VERSION_DIFFERENCE | ROE source=13.6400, calculated=5.6927, difference=7.9473
ADANIENT | 2016 | VERSION_DIFFERENCE | ROE source=13.6400, calculated=7.4750, difference=6.1650
ADANIENT | 2017 | VERSION_DIFFERENCE | ROE source=13.6400, calculated=6.5436, difference=7.0964
ADANIENT | 2018 | VERSION_DIFFERENCE | ROE source=13.6400, calculated=3.9366, difference=9.7034
ADANIENT | 2019 | VERSION_DIFFERENCE | ROE source=13.6400, calculated=3.4291, difference=10.2109
ADANIENT | 2020 | VERSION_DIFFERENCE | ROE source=13.6400, calculated=6.1368, difference=7.5032
ADANIENT | 2021 | VERSION_DIFFERENCE | ROE source=13.6400, calculated=6.0959, difference=7.5441
ADANIENT | 2022 | VERSION_DIFFERENCE | ROE source=13.6400, calculated=3.5405, difference=10.0995
ADANIENT | 2023 | VERSION_DIFFERENCE | ROE source=13.6400, calculated=7.3281, difference=6.3119
ADANIENT | 2024 | VERSION_DIFFERENCE | ROE source=13.6400, calculated=7.9602, difference=5.6798
ADANIGREEN | 2017 | VERSION_DIFFERENCE | ROCE source=96.5000, calculated=8.7027, difference=87.7973
ADANIGREEN | 2017 | VERSION_DIFFERENCE | ROE source=14.7000, calculated=-3.9069, difference=18.6069
ADANIGREEN | 2018 | VERSION_DIFFERENCE | ROCE source=96.5000, calculated=7.8983, difference=88.6017
ADANIGREEN | 2018 | VERSION_DIFFERENCE | ROE source=14.7000, calculated=-10.2908, difference=24.9908
ADANIGREEN | 2019 | VERSION_DIFFERENCE | ROCE source=96.5000, calculated=12.2294, difference=84.2706
ADANIGREEN | 2019 | VERSION_DIFFERENCE | ROE source=14.7000, calculated=-24.5732, difference=39.2732
ADANIGREEN | 2020 | VERSION_DIFFERENCE | ROCE source=96.5000, calculated=7.7745, difference=88.7255
ADANIGREEN | 2020 | VERSION_DIFFERENCE | ROE source=14.7000, calculated=-2.8850, difference=17.5850
ADANIGREEN | 2021 | VERSION_DIFFERENCE | ROCE source=96.5000, calculated=9.9663, difference=86.5337
ADANIGREEN | 2021 | VERSION_DIFFERENCE | ROE source=14.7000, calculated=8.2727, difference=6.4273
ADANIGREEN | 2022 | VERSION_DIFFERENCE | ROCE source=96.5000, calculated=7.2485, difference=89.2515
ADANIGREEN | 2023 | VERSION_DIFFERENCE | ROCE source=96.5000, calculated=9.1618, difference=87.3382
ADANIGREEN | 2024 | VERSION_DIFFERENCE | ROCE source=96.5000, calculated=10.9992, difference=85.5008
ADANIPORTS | 2013 | VERSION_DIFFERENCE | ROE source=18.1000, calculated=25.6334, difference=7.5334
ADANIPORTS | 2018 | VERSION_DIFFERENCE | ROCE source=12.9000, calculated=18.4896, difference=5.5896
ADANIPORTS | 2022 | VERSION_DIFFERENCE | ROE source=18.1000, calculated=11.8433, difference=6.2567
ADANIPORTS | 2023 | VERSION_DIFFERENCE | ROE source=18.1000, calculated=11.8773, difference=6.2227
ADANIPOWER | 2013 | VERSION_DIFFERENCE | ROCE source=32.2000, calculated=2.5495, difference=29.6505
ADANIPOWER | 2013 | VERSION_DIFFERENCE | ROE source=57.1000, calculated=-53.4591, difference=110.5591
ADANIPOWER | 2014 | VERSION_DIFFERENCE | ROCE source=32.2000, calculated=9.3307, difference=22.8693
ADANIPOWER | 2014 | VERSION_DIFFERENCE | ROE source=57.1000, calculated=-4.4475, difference=61.5475
ADANIPOWER | 2015 | VERSION_DIFFERENCE | ROCE source=32.2000, calculated=11.6234, difference=20.5766
ADANIPOWER | 2015 | VERSION_DIFFERENCE | ROE source=57.1000, calculated=-14.2533, difference=71.3533
ADANIPOWER | 2016 | VERSION_DIFFERENCE | ROCE source=32.2000, calculated=14.2881, difference=17.9119
ADANIPOWER | 2016 | VERSION_DIFFERENCE | ROE source=57.1000, calculated=7.3781, difference=49.7219
ADANIPOWER | 2017 | VERSION_DIFFERENCE | ROCE source=32.2000, calculated=4.1706, difference=28.0294
ADANIPOWER | 2017 | VERSION_DIFFERENCE | ROE source=57.1000, calculated=-205.8000, difference=262.9000
ADANIPOWER | 2018 | VERSION_DIFFERENCE | ROCE source=32.2000, calculated=11.5219, difference=20.6781
ADANIPOWER | 2018 | VERSION_DIFFERENCE | ROE source=57.1000, calculated=-236.5579, difference=293.6579
ADANIPOWER | 2019 | VERSION_DIFFERENCE | ROCE source=32.2000, calculated=13.5870, difference=18.6130
ADANIPOWER | 2019 | VERSION_DIFFERENCE | ROE source=57.1000, calculated=-12.7593, difference=69.8593
ADANIPOWER | 2020 | VERSION_DIFFERENCE | ROCE source=32.2000, calculated=9.8200, difference=22.3800
ADANIPOWER | 2020 | VERSION_DIFFERENCE | ROE source=57.1000, calculated=-35.1026, difference=92.2026
ADANIPOWER | 2021 | VERSION_DIFFERENCE | ROCE source=32.2000, calculated=16.1461, difference=16.0539
ADANIPOWER | 2021 | VERSION_DIFFERENCE | ROE source=57.1000, calculated=9.6850, difference=47.4150
ADANIPOWER | 2022 | VERSION_DIFFERENCE | ROCE source=32.2000, calculated=20.3973, difference=11.8027
ADANIPOWER | 2022 | VERSION_DIFFERENCE | ROE source=57.1000, calculated=26.6132, difference=30.4868
ADANIPOWER | 2023 | VERSION_DIFFERENCE | ROCE source=32.2000, calculated=19.8156, difference=12.3844
ADANIPOWER | 2023 | VERSION_DIFFERENCE | ROE source=57.1000, calculated=35.9051, difference=21.1949
ADANIPOWER | 2024 | VERSION_DIFFERENCE | ROE source=57.1000, calculated=37.2252, difference=19.8748
AMBUJACEM | 2012 | VERSION_DIFFERENCE | ROCE source=12.8000, calculated=28.7005, difference=15.9005
AMBUJACEM | 2012 | VERSION_DIFFERENCE | ROE source=9.2400, calculated=14.6868, difference=5.4468
AMBUJACEM | 2013 | VERSION_DIFFERENCE | ROCE source=12.8000, calculated=21.6509, difference=8.8509
AMBUJACEM | 2014 | VERSION_DIFFERENCE | ROCE source=12.8000, calculated=23.2878, difference=10.4878
AMBUJACEM | 2014 | VERSION_DIFFERENCE | ROE source=9.2400, calculated=14.7666, difference=5.5266
AMBUJACEM | 2015 | VERSION_DIFFERENCE | ROCE source=12.8000, calculated=18.3873, difference=5.5873
AMBUJACEM | 2016 | VERSION_DIFFERENCE | ROCE source=12.8000, calculated=18.2469, difference=5.4469
AMBUJACEM | 2017 | VERSION_DIFFERENCE | ROCE source=12.8000, calculated=20.2600, difference=7.4600
AMBUJACEM | 2018 | VERSION_DIFFERENCE | ROCE source=12.8000, calculated=18.9335, difference=6.1335
AMBUJACEM | 2019 | VERSION_DIFFERENCE | ROCE source=12.8000, calculated=21.5515, difference=8.7515
AMBUJACEM | 2020 | VERSION_DIFFERENCE | ROCE source=12.8000, calculated=22.7915, difference=9.9915
AMBUJACEM | 2021 | VERSION_DIFFERENCE | ROCE source=12.8000, calculated=25.0165, difference=12.2165
AMBUJACEM | 2021 | VERSION_DIFFERENCE | ROE source=9.2400, calculated=14.6367, difference=5.3967
APOLLOHOSP | 2016 | VERSION_DIFFERENCE | ROE source=13.8100, calculated=7.0528, difference=6.7572
APOLLOHOSP | 2017 | VERSION_DIFFERENCE | ROE source=13.8100, calculated=3.9529, difference=9.8571
APOLLOHOSP | 2018 | VERSION_DIFFERENCE | ROE source=13.8100, calculated=1.8450, difference=11.9650
APOLLOHOSP | 2019 | VERSION_DIFFERENCE | ROE source=13.8100, calculated=5.9988, difference=7.8112
APOLLOHOSP | 2020 | VERSION_DIFFERENCE | ROCE source=17.2000, calculated=26.1390, difference=8.9390
APOLLOHOSP | 2021 | VERSION_DIFFERENCE | ROE source=13.8100, calculated=2.9763, difference=10.8337
APOLLOHOSP | 2022 | VERSION_DIFFERENCE | ROCE source=17.2000, calculated=26.3853, difference=9.1853
APOLLOHOSP | 2022 | VERSION_DIFFERENCE | ROE source=13.8100, calculated=19.7048, difference=5.8948
ASIANPAINT | 2013 | VERSION_DIFFERENCE | ROCE source=41.7500, calculated=50.9216, difference=9.1716
ASIANPAINT | 2014 | VERSION_DIFFERENCE | ROCE source=41.7500, calculated=49.6269, difference=7.8769
ASIANPAINT | 2018 | VERSION_DIFFERENCE | ROE source=31.4500, calculated=24.9465, difference=6.5035
ASIANPAINT | 2019 | VERSION_DIFFERENCE | ROE source=31.4500, calculated=23.3133, difference=8.1367
ASIANPAINT | 2021 | VERSION_DIFFERENCE | ROE source=31.4500, calculated=25.0429, difference=6.4071
ASIANPAINT | 2022 | VERSION_DIFFERENCE | ROCE source=41.7500, calculated=33.1190, difference=8.6310
ASIANPAINT | 2022 | VERSION_DIFFERENCE | ROE source=31.4500, calculated=22.3357, difference=9.1143
ASIANPAINT | 2023 | VERSION_DIFFERENCE | ROE source=31.4500, calculated=26.2319, difference=5.2181
ATGL | 2019 | VERSION_DIFFERENCE | ROCE source=21.2000, calculated=34.3583, difference=13.1583
ATGL | 2020 | VERSION_DIFFERENCE | ROCE source=21.2000, calculated=33.6493, difference=12.4493
ATGL | 2020 | VERSION_DIFFERENCE | ROE source=20.5000, calculated=29.6397, difference=9.1397
ATGL | 2021 | VERSION_DIFFERENCE | ROCE source=21.2000, calculated=29.8011, difference=8.6011
AXISBANK | 2017 | VERSION_DIFFERENCE | ROE source=18.4000, calculated=6.5254, difference=11.8746
AXISBANK | 2018 | VERSION_DIFFERENCE | ROE source=18.4000, calculated=0.4299, difference=17.9701
AXISBANK | 2019 | VERSION_DIFFERENCE | ROE source=18.4000, calculated=6.8980, difference=11.5020
AXISBANK | 2020 | VERSION_DIFFERENCE | ROE source=18.4000, calculated=1.8844, difference=16.5156
AXISBANK | 2021 | VERSION_DIFFERENCE | ROE source=18.4000, calculated=6.3594, difference=12.0406
AXISBANK | 2022 | VERSION_DIFFERENCE | ROE source=18.4000, calculated=11.0138, difference=7.3862
AXISBANK | 2023 | VERSION_DIFFERENCE | ROE source=18.4000, calculated=7.3817, difference=11.0183
BAJAJ-AUTO | 2013 | VERSION_DIFFERENCE | ROCE source=33.5000, calculated=54.3454, difference=20.8454
BAJAJ-AUTO | 2013 | VERSION_DIFFERENCE | ROE source=26.5000, calculated=38.8469, difference=12.3469
BAJAJ-AUTO | 2014 | VERSION_DIFFERENCE | ROCE source=33.5000, calculated=47.3010, difference=13.8010
BAJAJ-AUTO | 2014 | VERSION_DIFFERENCE | ROE source=26.5000, calculated=33.2448, difference=6.7448
BAJAJ-AUTO | 2015 | VERSION_DIFFERENCE | ROCE source=33.5000, calculated=38.8686, difference=5.3686
BAJAJ-AUTO | 2016 | VERSION_DIFFERENCE | ROCE source=33.5000, calculated=42.3469, difference=8.8469
BAJAJ-AUTO | 2018 | VERSION_DIFFERENCE | ROE source=26.5000, calculated=20.6561, difference=5.8439
BAJAJ-AUTO | 2019 | VERSION_DIFFERENCE | ROE source=26.5000, calculated=21.2112, difference=5.2888
BAJAJ-AUTO | 2021 | VERSION_DIFFERENCE | ROCE source=33.5000, calculated=23.7570, difference=9.7430
BAJAJ-AUTO | 2021 | VERSION_DIFFERENCE | ROE source=26.5000, calculated=17.8088, difference=8.6912
BAJAJ-AUTO | 2022 | VERSION_DIFFERENCE | ROCE source=33.5000, calculated=26.4492, difference=7.0508
BAJAJ-AUTO | 2022 | VERSION_DIFFERENCE | ROE source=26.5000, calculated=20.6504, difference=5.8496
BAJAJ-AUTO | 2023 | VERSION_DIFFERENCE | ROCE source=33.5000, calculated=27.7013, difference=5.7987
BAJAJ-AUTO | 2023 | VERSION_DIFFERENCE | ROE source=26.5000, calculated=20.6389, difference=5.8611
BAJAJFINSV | 2013 | VERSION_DIFFERENCE | ROE source=11.7200, calculated=28.3773, difference=16.6573
BAJAJFINSV | 2014 | VERSION_DIFFERENCE | ROCE source=21.1400, calculated=15.5939, difference=5.5461
BAJAJFINSV | 2014 | VERSION_DIFFERENCE | ROE source=11.7200, calculated=23.5288, difference=11.8088
BAJAJFINSV | 2015 | VERSION_DIFFERENCE | ROCE source=21.1400, calculated=14.7563, difference=6.3837
BAJAJFINSV | 2015 | VERSION_DIFFERENCE | ROE source=11.7200, calculated=21.7242, difference=10.0042
BAJAJFINSV | 2016 | VERSION_DIFFERENCE | ROCE source=21.1400, calculated=13.5700, difference=7.5700
BAJAJFINSV | 2016 | VERSION_DIFFERENCE | ROE source=11.7200, calculated=20.4059, difference=8.6859
BAJAJFINSV | 2017 | VERSION_DIFFERENCE | ROCE source=21.1400, calculated=13.5226, difference=7.6174
BAJAJFINSV | 2017 | VERSION_DIFFERENCE | ROE source=11.7200, calculated=21.3609, difference=9.6409
BAJAJFINSV | 2018 | VERSION_DIFFERENCE | ROCE source=21.1400, calculated=12.5194, difference=8.6206
BAJAJFINSV | 2018 | VERSION_DIFFERENCE | ROE source=11.7200, calculated=20.3876, difference=8.6676
BAJAJFINSV | 2019 | VERSION_DIFFERENCE | ROCE source=21.1400, calculated=12.1779, difference=8.9621
BAJAJFINSV | 2019 | VERSION_DIFFERENCE | ROE source=11.7200, calculated=22.6369, difference=10.9169
BAJAJFINSV | 2020 | VERSION_DIFFERENCE | ROCE source=21.1400, calculated=11.5182, difference=9.6218
BAJAJFINSV | 2020 | VERSION_DIFFERENCE | ROE source=11.7200, calculated=19.1489, difference=7.4289
BAJAJFINSV | 2021 | VERSION_DIFFERENCE | ROCE source=21.1400, calculated=11.9507, difference=9.1893
BAJAJFINSV | 2021 | VERSION_DIFFERENCE | ROE source=11.7200, calculated=20.5610, difference=8.8410
BAJAJFINSV | 2022 | VERSION_DIFFERENCE | ROCE source=21.1400, calculated=10.6555, difference=10.4845
BAJAJFINSV | 2022 | VERSION_DIFFERENCE | ROE source=11.7200, calculated=20.6574, difference=8.9374
BAJAJFINSV | 2023 | VERSION_DIFFERENCE | ROCE source=21.1400, calculated=11.5471, difference=9.5929
BAJAJFINSV | 2023 | VERSION_DIFFERENCE | ROE source=11.7200, calculated=26.3107, difference=14.5907
BAJAJFINSV | 2024 | VERSION_DIFFERENCE | ROCE source=21.1400, calculated=10.5638, difference=10.5762
BAJAJFINSV | 2024 | VERSION_DIFFERENCE | ROE source=11.7200, calculated=22.8247, difference=11.1047
BAJAJHLDNG | 2013 | VERSION_DIFFERENCE | ROCE source=13.1000, calculated=3.1416, difference=9.9584
BAJAJHLDNG | 2014 | VERSION_DIFFERENCE | ROCE source=13.1000, calculated=3.3753, difference=9.7247
BAJAJHLDNG | 2015 | VERSION_DIFFERENCE | ROCE source=13.1000, calculated=3.8752, difference=9.2248
BAJAJHLDNG | 2016 | VERSION_DIFFERENCE | ROCE source=13.1000, calculated=2.8510, difference=10.2490
BAJAJHLDNG | 2017 | VERSION_DIFFERENCE | ROCE source=13.1000, calculated=3.5694, difference=9.5306
BAJAJHLDNG | 2022 | VERSION_DIFFERENCE | ROE source=14.8000, calculated=9.6307, difference=5.1693
BAJFINANCE | 2015 | VERSION_DIFFERENCE | ROCE source=11.9000, calculated=5.6493, difference=6.2507
BAJFINANCE | 2016 | VERSION_DIFFERENCE | ROCE source=11.9000, calculated=5.3563, difference=6.5437
BAJFINANCE | 2017 | VERSION_DIFFERENCE | ROCE source=11.9000, calculated=5.5718, difference=6.3282
BAJFINANCE | 2018 | VERSION_DIFFERENCE | ROCE source=11.9000, calculated=5.0312, difference=6.8688
BAJFINANCE | 2018 | VERSION_DIFFERENCE | ROE source=22.1000, calculated=15.7496, difference=6.3504
BAJFINANCE | 2019 | VERSION_DIFFERENCE | ROCE source=11.9000, calculated=4.5249, difference=7.3751
BAJFINANCE | 2020 | VERSION_DIFFERENCE | ROCE source=11.9000, calculated=5.6669, difference=6.2331
BAJFINANCE | 2020 | VERSION_DIFFERENCE | ROE source=22.1000, calculated=16.2831, difference=5.8169
BAJFINANCE | 2021 | VERSION_DIFFERENCE | ROCE source=11.9000, calculated=6.4449, difference=5.4551
BAJFINANCE | 2021 | VERSION_DIFFERENCE | ROE source=22.1000, calculated=11.9725, difference=10.1275
BAJFINANCE | 2022 | VERSION_DIFFERENCE | ROCE source=11.9000, calculated=5.7005, difference=6.1995
BAJFINANCE | 2022 | VERSION_DIFFERENCE | ROE source=22.1000, calculated=16.0776, difference=6.0224
BAJFINANCE | 2023 | VERSION_DIFFERENCE | ROCE source=11.9000, calculated=4.6971, difference=7.2029
BAJFINANCE | 2024 | VERSION_DIFFERENCE | ROCE source=11.9000, calculated=3.9256, difference=7.9744
BAJFINANCE | 2024 | VERSION_DIFFERENCE | ROE source=22.1000, calculated=16.6480, difference=5.4520
BANKBARODA | 2015 | VERSION_DIFFERENCE | ROE source=16.7000, calculated=9.4007, difference=7.2993
BANKBARODA | 2016 | VERSION_DIFFERENCE | ROE source=16.7000, calculated=-11.8415, difference=28.5415
BANKBARODA | 2017 | VERSION_DIFFERENCE | ROE source=16.7000, calculated=4.3072, difference=12.3928
BANKBARODA | 2018 | VERSION_DIFFERENCE | ROE source=16.7000, calculated=-3.9428, difference=20.6428
BANKBARODA | 2019 | VERSION_DIFFERENCE | ROE source=16.7000, calculated=2.1202, difference=14.5798
BANKBARODA | 2020 | VERSION_DIFFERENCE | ROE source=16.7000, calculated=1.2890, difference=15.4110
BANKBARODA | 2021 | VERSION_DIFFERENCE | ROE source=16.7000, calculated=1.9663, difference=14.7337
BANKBARODA | 2022 | VERSION_DIFFERENCE | ROE source=16.7000, calculated=8.6351, difference=8.0649
BEL | 2013 | VERSION_DIFFERENCE | ROCE source=34.6000, calculated=4303.3333, difference=4268.7333
BEL | 2013 | VERSION_DIFFERENCE | ROE source=26.3000, calculated=15183.3333, difference=15157.0333
BEL | 2014 | VERSION_DIFFERENCE | ROCE source=34.6000, calculated=4867.8571, difference=4833.2571
BEL | 2014 | VERSION_DIFFERENCE | ROE source=26.3000, calculated=13600.0000, difference=13573.7000
BEL | 2015 | VERSION_DIFFERENCE | ROCE source=34.6000, calculated=5109.0909, difference=5074.4909
BEL | 2015 | VERSION_DIFFERENCE | ROE source=26.3000, calculated=17100.0000, difference=17073.7000
BEL | 2016 | VERSION_DIFFERENCE | ROCE source=34.6000, calculated=5313.5135, difference=5278.9135
BEL | 2016 | VERSION_DIFFERENCE | ROE source=26.3000, calculated=11141.6667, difference=11115.3667
BEL | 2017 | VERSION_DIFFERENCE | ROCE source=34.6000, calculated=5027.2727, difference=4992.6727
BEL | 2017 | VERSION_DIFFERENCE | ROE source=26.3000, calculated=10153.3333, difference=10127.0333
BEL | 2018 | VERSION_DIFFERENCE | ROCE source=34.6000, calculated=2829.1139, difference=2794.5139
BEL | 2018 | VERSION_DIFFERENCE | ROE source=26.3000, calculated=4616.1290, difference=4589.8290
BEL | 2019 | VERSION_DIFFERENCE | ROCE source=34.6000, calculated=3106.2500, difference=3071.6500
BEL | 2019 | VERSION_DIFFERENCE | ROE source=26.3000, calculated=3851.0204, difference=3824.7204
BEL | 2020 | VERSION_DIFFERENCE | ROCE source=34.6000, calculated=2886.8687, difference=2852.2687
BEL | 2020 | VERSION_DIFFERENCE | ROE source=26.3000, calculated=3318.1818, difference=3291.8818
BEL | 2021 | VERSION_DIFFERENCE | ROCE source=34.6000, calculated=3091.6667, difference=3057.0667
BEL | 2021 | VERSION_DIFFERENCE | ROE source=26.3000, calculated=3559.3220, difference=3533.0220
BEL | 2022 | VERSION_DIFFERENCE | ROCE source=34.6000, calculated=2815.7480, difference=2781.1480
BEL | 2022 | VERSION_DIFFERENCE | ROE source=26.3000, calculated=3478.2609, difference=3451.9609
BEL | 2023 | VERSION_DIFFERENCE | ROCE source=34.6000, calculated=3834.2105, difference=3799.6105
BEL | 2023 | VERSION_DIFFERENCE | ROE source=26.3000, calculated=3981.3333, difference=3955.0333
BEL | 2024 | VERSION_DIFFERENCE | ROCE source=34.6000, calculated=3385.2071, difference=3350.6071
BEL | 2024 | VERSION_DIFFERENCE | ROE source=26.3000, calculated=4379.1209, difference=4352.8209
BHARTIARTL | 2013 | VERSION_DIFFERENCE | ROCE source=13.1000, calculated=20.6043, difference=7.5043
BHARTIARTL | 2013 | VERSION_DIFFERENCE | ROE source=14.9000, calculated=4.5050, difference=10.3950
BHARTIARTL | 2014 | VERSION_DIFFERENCE | ROCE source=13.1000, calculated=21.6679, difference=8.5679
BHARTIARTL | 2014 | VERSION_DIFFERENCE | ROE source=14.9000, calculated=5.0522, difference=9.8478
BHARTIARTL | 2015 | VERSION_DIFFERENCE | ROCE source=13.1000, calculated=28.2851, difference=15.1851
BHARTIARTL | 2016 | VERSION_DIFFERENCE | ROCE source=13.1000, calculated=23.2009, difference=10.1009
BHARTIARTL | 2017 | VERSION_DIFFERENCE | ROCE source=13.1000, calculated=21.1983, difference=8.0983
BHARTIARTL | 2017 | VERSION_DIFFERENCE | ROE source=14.9000, calculated=6.2870, difference=8.6130
BHARTIARTL | 2018 | VERSION_DIFFERENCE | ROE source=14.9000, calculated=3.1409, difference=11.7591
BHARTIARTL | 2019 | VERSION_DIFFERENCE | ROE source=14.9000, calculated=2.3634, difference=12.5366
BHARTIARTL | 2020 | VERSION_DIFFERENCE | ROCE source=13.1000, calculated=-0.5169, difference=13.6169
BHARTIARTL | 2020 | VERSION_DIFFERENCE | ROE source=14.9000, calculated=-39.7485, difference=54.6485
BHARTIARTL | 2021 | VERSION_DIFFERENCE | ROCE source=13.1000, calculated=18.5192, difference=5.4192
BHARTIARTL | 2021 | VERSION_DIFFERENCE | ROE source=14.9000, calculated=-20.9726, difference=35.8726
BHARTIARTL | 2022 | VERSION_DIFFERENCE | ROCE source=13.1000, calculated=26.3258, difference=13.2258
BHARTIARTL | 2023 | VERSION_DIFFERENCE | ROCE source=13.1000, calculated=23.8133, difference=10.7133
BHARTIARTL | 2024 | VERSION_DIFFERENCE | ROCE source=13.1000, calculated=23.9458, difference=10.8458
BHARTIARTL | 2024 | VERSION_DIFFERENCE | ROE source=14.9000, calculated=9.8257, difference=5.0743
BHEL | 2013 | VERSION_DIFFERENCE | ROCE source=3.2800, calculated=31.9277, difference=28.6477
BHEL | 2013 | VERSION_DIFFERENCE | ROE source=1.0500, calculated=21.9091, difference=20.8591
BHEL | 2014 | VERSION_DIFFERENCE | ROCE source=3.2800, calculated=16.3638, difference=13.0838
BHEL | 2014 | VERSION_DIFFERENCE | ROE source=1.0500, calculated=10.5574, difference=9.5074
BHEL | 2015 | VERSION_DIFFERENCE | ROCE source=3.2800, calculated=9.3141, difference=6.0341
BHEL | 2020 | VERSION_DIFFERENCE | ROE source=1.0500, calculated=-5.1221, difference=6.1721
BHEL | 2021 | VERSION_DIFFERENCE | ROCE source=3.2800, calculated=-8.5860, difference=11.8660
BHEL | 2021 | VERSION_DIFFERENCE | ROE source=1.0500, calculated=-10.3914, difference=11.4414
BOSCHLTD | 2012 | VERSION_DIFFERENCE | ROCE source=20.6000, calculated=29.6226, difference=9.0226
BOSCHLTD | 2015 | VERSION_DIFFERENCE | ROCE source=20.6000, calculated=33.7624, difference=13.1624
BOSCHLTD | 2016 | VERSION_DIFFERENCE | ROCE source=20.6000, calculated=26.0929, difference=5.4929
BOSCHLTD | 2017 | VERSION_DIFFERENCE | ROCE source=20.6000, calculated=32.6742, difference=12.0742
BOSCHLTD | 2019 | VERSION_DIFFERENCE | ROCE source=20.6000, calculated=30.1742, difference=9.5742
BOSCHLTD | 2020 | VERSION_DIFFERENCE | ROCE source=20.6000, calculated=14.7474, difference=5.8526
BOSCHLTD | 2020 | VERSION_DIFFERENCE | ROE source=16.0000, calculated=7.0119, difference=8.9881
BOSCHLTD | 2021 | VERSION_DIFFERENCE | ROCE source=20.6000, calculated=9.3348, difference=11.2652
BOSCHLTD | 2021 | VERSION_DIFFERENCE | ROE source=16.0000, calculated=4.9069, difference=11.0931
BOSCHLTD | 2024 | VERSION_DIFFERENCE | ROCE source=20.6000, calculated=28.6710, difference=8.0710
BPCL | 2013 | VERSION_DIFFERENCE | ROCE source=32.1000, calculated=16.4243, difference=15.6757
BPCL | 2013 | VERSION_DIFFERENCE | ROE source=41.9000, calculated=11.5410, difference=30.3590
BPCL | 2014 | VERSION_DIFFERENCE | ROCE source=32.1000, calculated=20.4556, difference=11.6444
BPCL | 2014 | VERSION_DIFFERENCE | ROE source=41.9000, calculated=20.8488, difference=21.0512
BPCL | 2015 | VERSION_DIFFERENCE | ROCE source=32.1000, calculated=24.7576, difference=7.3424
BPCL | 2015 | VERSION_DIFFERENCE | ROE source=41.9000, calculated=22.5246, difference=19.3754
BPCL | 2016 | VERSION_DIFFERENCE | ROE source=41.9000, calculated=29.1034, difference=12.7966
BPCL | 2017 | VERSION_DIFFERENCE | ROCE source=32.1000, calculated=24.8016, difference=7.2984
BPCL | 2017 | VERSION_DIFFERENCE | ROE source=41.9000, calculated=30.8479, difference=11.0521
BPCL | 2018 | VERSION_DIFFERENCE | ROCE source=32.1000, calculated=24.5618, difference=7.5382
BPCL | 2018 | VERSION_DIFFERENCE | ROE source=41.9000, calculated=26.7402, difference=15.1598
BPCL | 2019 | VERSION_DIFFERENCE | ROCE source=32.1000, calculated=21.6341, difference=10.4659
BPCL | 2019 | VERSION_DIFFERENCE | ROE source=41.9000, calculated=21.9992, difference=19.9008
BPCL | 2020 | VERSION_DIFFERENCE | ROCE source=32.1000, calculated=10.1639, difference=21.9361
BPCL | 2020 | VERSION_DIFFERENCE | ROE source=41.9000, calculated=10.0350, difference=31.8650
BPCL | 2021 | VERSION_DIFFERENCE | ROCE source=32.1000, calculated=26.3584, difference=5.7416
BPCL | 2021 | VERSION_DIFFERENCE | ROE source=41.9000, calculated=32.3406, difference=9.5594
BPCL | 2022 | VERSION_DIFFERENCE | ROCE source=32.1000, calculated=20.6769, difference=11.4231
BPCL | 2022 | VERSION_DIFFERENCE | ROE source=41.9000, calculated=22.5065, difference=19.3935
BPCL | 2023 | VERSION_DIFFERENCE | ROCE source=32.1000, calculated=10.5250, difference=21.5750
BPCL | 2023 | VERSION_DIFFERENCE | ROE source=41.9000, calculated=3.9815, difference=37.9185
BPCL | 2024 | VERSION_DIFFERENCE | ROE source=41.9000, calculated=34.8330, difference=7.0670
BRITANNIA | 2013 | VERSION_DIFFERENCE | ROE source=57.1000, calculated=46.5950, difference=10.5050
BRITANNIA | 2014 | VERSION_DIFFERENCE | ROCE source=48.9000, calculated=69.7257, difference=20.8257
BRITANNIA | 2014 | VERSION_DIFFERENCE | ROE source=57.1000, calculated=49.4987, difference=7.6013
BRITANNIA | 2015 | VERSION_DIFFERENCE | ROCE source=48.9000, calculated=78.9928, difference=30.0928
BRITANNIA | 2016 | VERSION_DIFFERENCE | ROCE source=48.9000, calculated=60.2339, difference=11.3339
BRITANNIA | 2016 | VERSION_DIFFERENCE | ROE source=57.1000, calculated=39.4359, difference=17.6641
BRITANNIA | 2017 | VERSION_DIFFERENCE | ROE source=57.1000, calculated=32.8264, difference=24.2736
BRITANNIA | 2018 | VERSION_DIFFERENCE | ROE source=57.1000, calculated=29.4774, difference=27.6226
BRITANNIA | 2019 | VERSION_DIFFERENCE | ROE source=57.1000, calculated=27.1573, difference=29.9427
BRITANNIA | 2020 | VERSION_DIFFERENCE | ROCE source=48.9000, calculated=35.4486, difference=13.4514
BRITANNIA | 2020 | VERSION_DIFFERENCE | ROE source=57.1000, calculated=31.6602, difference=25.4398
BRITANNIA | 2023 | VERSION_DIFFERENCE | ROE source=57.1000, calculated=65.5348, difference=8.4348
BRITANNIA | 2024 | VERSION_DIFFERENCE | ROCE source=48.9000, calculated=56.6398, difference=7.7398
BRITANNIA | 2024 | VERSION_DIFFERENCE | ROE source=57.1000, calculated=66.4798, difference=9.3798
CANBK | 2013 | VERSION_DIFFERENCE | ROE source=17.9000, calculated=11.8963, difference=6.0037
CANBK | 2014 | VERSION_DIFFERENCE | ROE source=17.9000, calculated=8.8547, difference=9.0453
CANBK | 2015 | VERSION_DIFFERENCE | ROE source=17.9000, calculated=9.0207, difference=8.8793
CANBK | 2016 | VERSION_DIFFERENCE | ROE source=17.9000, calculated=-7.8217, difference=25.7217
CANBK | 2017 | VERSION_DIFFERENCE | ROE source=17.9000, calculated=4.0680, difference=13.8320
CANBK | 2018 | VERSION_DIFFERENCE | ROE source=17.9000, calculated=-10.4968, difference=28.3968
CANBK | 2019 | VERSION_DIFFERENCE | ROE source=17.9000, calculated=1.8467, difference=16.0533
CANBK | 2020 | VERSION_DIFFERENCE | ROE source=17.9000, calculated=-4.6619, difference=22.5619
CANBK | 2021 | VERSION_DIFFERENCE | ROE source=17.9000, calculated=4.7380, difference=13.1620
CANBK | 2022 | VERSION_DIFFERENCE | ROE source=17.9000, calculated=8.8020, difference=9.0980
CHOLAFIN | 2013 | VERSION_DIFFERENCE | ROCE source=10.4000, calculated=4.0996, difference=6.3004
CHOLAFIN | 2014 | VERSION_DIFFERENCE | ROCE source=10.4000, calculated=4.6656, difference=5.7344
CHOLAFIN | 2015 | VERSION_DIFFERENCE | ROCE source=10.4000, calculated=4.7735, difference=5.6265
CHOLAFIN | 2016 | VERSION_DIFFERENCE | ROCE source=10.4000, calculated=4.9092, difference=5.4908
CHOLAFIN | 2017 | VERSION_DIFFERENCE | ROCE source=10.4000, calculated=4.7446, difference=5.6554
CHOLAFIN | 2018 | VERSION_DIFFERENCE | ROCE source=10.4000, calculated=3.3989, difference=7.0011
CHOLAFIN | 2019 | VERSION_DIFFERENCE | ROCE source=10.4000, calculated=2.9221, difference=7.4779
CHOLAFIN | 2020 | VERSION_DIFFERENCE | ROCE source=10.4000, calculated=3.8620, difference=6.5380
CHOLAFIN | 2020 | VERSION_DIFFERENCE | ROE source=20.2000, calculated=12.8537, difference=7.3463
CHOLAFIN | 2021 | VERSION_DIFFERENCE | ROCE source=10.4000, calculated=4.0025, difference=6.3975
CHOLAFIN | 2022 | VERSION_DIFFERENCE | ROCE source=10.4000, calculated=3.6507, difference=6.7493
CHOLAFIN | 2023 | VERSION_DIFFERENCE | ROCE source=10.4000, calculated=3.2658, difference=7.1342
CHOLAFIN | 2024 | VERSION_DIFFERENCE | ROCE source=10.4000, calculated=3.0158, difference=7.3842
CIPLA | 2013 | VERSION_DIFFERENCE | ROCE source=22.8000, calculated=61.0054, difference=38.2054
CIPLA | 2014 | VERSION_DIFFERENCE | ROCE source=22.8000, calculated=71.2187, difference=48.4187
CIPLA | 2015 | VERSION_DIFFERENCE | ROCE source=22.8000, calculated=73.5866, difference=50.7866
CIPLA | 2015 | VERSION_DIFFERENCE | ROE source=16.8000, calculated=11.3775, difference=5.4225
CIPLA | 2016 | VERSION_DIFFERENCE | ROCE source=22.8000, calculated=67.7552, difference=44.9552
CIPLA | 2017 | VERSION_DIFFERENCE | ROCE source=22.8000, calculated=71.5315, difference=48.7315
CIPLA | 2017 | VERSION_DIFFERENCE | ROE source=16.8000, calculated=8.2510, difference=8.5490
CIPLA | 2018 | VERSION_DIFFERENCE | ROCE source=22.8000, calculated=67.3760, difference=44.5760
CIPLA | 2018 | VERSION_DIFFERENCE | ROE source=16.8000, calculated=9.9585, difference=6.8415
CIPLA | 2019 | VERSION_DIFFERENCE | ROCE source=22.8000, calculated=68.7293, difference=45.9293
CIPLA | 2019 | VERSION_DIFFERENCE | ROE source=16.8000, calculated=9.9387, difference=6.8613
CIPLA | 2020 | VERSION_DIFFERENCE | ROCE source=22.8000, calculated=75.0579, difference=52.2579
CIPLA | 2020 | VERSION_DIFFERENCE | ROE source=16.8000, calculated=9.5160, difference=7.2840
CIPLA | 2021 | VERSION_DIFFERENCE | ROCE source=22.8000, calculated=73.3972, difference=50.5972
CIPLA | 2022 | VERSION_DIFFERENCE | ROCE source=22.8000, calculated=78.6957, difference=55.8957
CIPLA | 2023 | VERSION_DIFFERENCE | ROCE source=22.8000, calculated=73.3086, difference=50.5086
CIPLA | 2024 | VERSION_DIFFERENCE | ROCE source=22.8000, calculated=67.6762, difference=44.8762
COALINDIA | 2013 | VERSION_DIFFERENCE | ROCE source=63.6000, calculated=100.9342, difference=37.3342
COALINDIA | 2013 | VERSION_DIFFERENCE | ROE source=52.0000, calculated=35.8062, difference=16.1938
COALINDIA | 2014 | VERSION_DIFFERENCE | ROCE source=63.6000, calculated=124.1534, difference=60.5534
COALINDIA | 2014 | VERSION_DIFFERENCE | ROE source=52.0000, calculated=35.6381, difference=16.3619
COALINDIA | 2015 | VERSION_DIFFERENCE | ROCE source=63.6000, calculated=139.3489, difference=75.7489
COALINDIA | 2015 | VERSION_DIFFERENCE | ROE source=52.0000, calculated=34.0173, difference=17.9827
COALINDIA | 2016 | VERSION_DIFFERENCE | ROCE source=63.6000, calculated=164.2179, difference=100.6179
COALINDIA | 2016 | VERSION_DIFFERENCE | ROE source=52.0000, calculated=40.9583, difference=11.0417
COALINDIA | 2017 | VERSION_DIFFERENCE | ROCE source=63.6000, calculated=238.7476, difference=175.1476
COALINDIA | 2017 | VERSION_DIFFERENCE | ROE source=52.0000, calculated=37.8497, difference=14.1503
COALINDIA | 2018 | VERSION_DIFFERENCE | ROCE source=63.6000, calculated=349.8204, difference=286.2204
COALINDIA | 2018 | VERSION_DIFFERENCE | ROE source=52.0000, calculated=34.8796, difference=17.1204
COALINDIA | 2019 | VERSION_DIFFERENCE | ROCE source=63.6000, calculated=260.2616, difference=196.6616
COALINDIA | 2019 | VERSION_DIFFERENCE | ROE source=52.0000, calculated=66.0140, difference=14.0140
COALINDIA | 2020 | VERSION_DIFFERENCE | ROCE source=63.6000, calculated=193.1072, difference=129.5072
COALINDIA | 2021 | VERSION_DIFFERENCE | ROCE source=63.6000, calculated=168.4331, difference=104.8331
COALINDIA | 2021 | VERSION_DIFFERENCE | ROE source=52.0000, calculated=34.7828, difference=17.2172
COALINDIA | 2022 | VERSION_DIFFERENCE | ROCE source=63.6000, calculated=182.2192, difference=118.6192
COALINDIA | 2022 | VERSION_DIFFERENCE | ROE source=52.0000, calculated=40.2800, difference=11.7200
COALINDIA | 2023 | VERSION_DIFFERENCE | ROCE source=63.6000, calculated=144.3091, difference=80.7091
COALINDIA | 2024 | VERSION_DIFFERENCE | ROCE source=63.6000, calculated=90.7444, difference=27.1444
COALINDIA | 2024 | VERSION_DIFFERENCE | ROE source=52.0000, calculated=38.8463, difference=13.1537
DABUR | 2013 | VERSION_DIFFERENCE | ROCE source=22.3000, calculated=33.6414, difference=11.3414
DABUR | 2013 | VERSION_DIFFERENCE | ROE source=19.2000, calculated=36.5632, difference=17.3632
DABUR | 2014 | VERSION_DIFFERENCE | ROCE source=22.3000, calculated=38.2878, difference=15.9878
DABUR | 2014 | VERSION_DIFFERENCE | ROE source=19.2000, calculated=34.4880, difference=15.2880
DABUR | 2015 | VERSION_DIFFERENCE | ROCE source=22.3000, calculated=36.0568, difference=13.7568
DABUR | 2015 | VERSION_DIFFERENCE | ROE source=19.2000, calculated=31.8426, difference=12.6426
DABUR | 2016 | VERSION_DIFFERENCE | ROCE source=22.3000, calculated=34.8674, difference=12.5674
DABUR | 2016 | VERSION_DIFFERENCE | ROE source=19.2000, calculated=30.0647, difference=10.8647
DABUR | 2017 | VERSION_DIFFERENCE | ROCE source=22.3000, calculated=31.0546, difference=8.7546
DABUR | 2017 | VERSION_DIFFERENCE | ROE source=19.2000, calculated=26.4081, difference=7.2081
DABUR | 2018 | VERSION_DIFFERENCE | ROCE source=22.3000, calculated=28.7176, difference=6.4176
DABUR | 2019 | VERSION_DIFFERENCE | ROCE source=22.3000, calculated=30.9904, difference=8.6904
DABUR | 2019 | VERSION_DIFFERENCE | ROE source=19.2000, calculated=25.6747, difference=6.4747
DABUR | 2020 | VERSION_DIFFERENCE | ROCE source=22.3000, calculated=28.0163, difference=5.7163
DABUR | 2021 | VERSION_DIFFERENCE | ROCE source=22.3000, calculated=28.4718, difference=6.1718
DIVISLAB | 2013 | VERSION_DIFFERENCE | ROCE source=16.5000, calculated=33.9779, difference=17.4779
DIVISLAB | 2013 | VERSION_DIFFERENCE | ROE source=12.2000, calculated=24.0704, difference=11.8704
DIVISLAB | 2014 | VERSION_DIFFERENCE | ROCE source=16.5000, calculated=36.4185, difference=19.9185
DIVISLAB | 2014 | VERSION_DIFFERENCE | ROE source=12.2000, calculated=26.0796, difference=13.8796
DIVISLAB | 2015 | VERSION_DIFFERENCE | ROCE source=16.5000, calculated=34.3741, difference=17.8741
DIVISLAB | 2015 | VERSION_DIFFERENCE | ROE source=12.2000, calculated=24.3707, difference=12.1707
DIVISLAB | 2016 | VERSION_DIFFERENCE | ROCE source=16.5000, calculated=34.9712, difference=18.4712
DIVISLAB | 2016 | VERSION_DIFFERENCE | ROE source=12.2000, calculated=26.2287, difference=14.0287
DIVISLAB | 2017 | VERSION_DIFFERENCE | ROCE source=16.5000, calculated=28.2218, difference=11.7218
DIVISLAB | 2017 | VERSION_DIFFERENCE | ROE source=12.2000, calculated=19.7872, difference=7.5872
DIVISLAB | 2018 | VERSION_DIFFERENCE | ROCE source=16.5000, calculated=22.9793, difference=6.4793
DIVISLAB | 2019 | VERSION_DIFFERENCE | ROCE source=16.5000, calculated=28.7130, difference=12.2130
DIVISLAB | 2019 | VERSION_DIFFERENCE | ROE source=12.2000, calculated=19.4480, difference=7.2480
DIVISLAB | 2020 | VERSION_DIFFERENCE | ROCE source=16.5000, calculated=27.3779, difference=10.8779
DIVISLAB | 2020 | VERSION_DIFFERENCE | ROE source=12.2000, calculated=18.8372, difference=6.6372
DIVISLAB | 2021 | VERSION_DIFFERENCE | ROCE source=16.5000, calculated=31.4409, difference=14.9409
DIVISLAB | 2021 | VERSION_DIFFERENCE | ROE source=12.2000, calculated=21.3448, difference=9.1448
DIVISLAB | 2022 | VERSION_DIFFERENCE | ROCE source=16.5000, calculated=34.0692, difference=17.5692
DIVISLAB | 2022 | VERSION_DIFFERENCE | ROE source=12.2000, calculated=25.2387, difference=13.0387
DLF | 2015 | VERSION_DIFFERENCE | ROE source=6.9500, calculated=1.8525, difference=5.0975
DLF | 2016 | VERSION_DIFFERENCE | ROE source=6.9500, calculated=1.2672, difference=5.6828
DLF | 2018 | VERSION_DIFFERENCE | ROCE source=5.7400, calculated=22.9158, difference=17.1758
DLF | 2018 | VERSION_DIFFERENCE | ROE source=6.9500, calculated=12.6788, difference=5.7288
DLF | 2020 | VERSION_DIFFERENCE | ROE source=6.9500, calculated=-1.7128, difference=8.6628
DMART | 2016 | VERSION_DIFFERENCE | ROCE source=19.4000, calculated=25.1014, difference=5.7014
DMART | 2016 | VERSION_DIFFERENCE | ROE source=14.5000, calculated=21.0388, difference=6.5388
DMART | 2018 | VERSION_DIFFERENCE | ROCE source=19.4000, calculated=28.2106, difference=8.8106
DMART | 2019 | VERSION_DIFFERENCE | ROCE source=19.4000, calculated=26.7377, difference=7.3377
DMART | 2021 | VERSION_DIFFERENCE | ROE source=14.5000, calculated=9.0200, difference=5.4800
DRREDDY | 2017 | VERSION_DIFFERENCE | ROCE source=26.5000, calculated=15.3900, difference=11.1100
DRREDDY | 2017 | VERSION_DIFFERENCE | ROE source=21.4000, calculated=10.5366, difference=10.8634
DRREDDY | 2018 | VERSION_DIFFERENCE | ROCE source=26.5000, calculated=14.2039, difference=12.2961
DRREDDY | 2018 | VERSION_DIFFERENCE | ROE source=21.4000, calculated=7.5326, difference=13.8674
DRREDDY | 2019 | VERSION_DIFFERENCE | ROCE source=26.5000, calculated=19.9250, difference=6.5750
DRREDDY | 2019 | VERSION_DIFFERENCE | ROE source=21.4000, calculated=13.9047, difference=7.4953
DRREDDY | 2020 | VERSION_DIFFERENCE | ROCE source=26.5000, calculated=17.6708, difference=8.8292
DRREDDY | 2020 | VERSION_DIFFERENCE | ROE source=21.4000, calculated=12.9880, difference=8.4120
DRREDDY | 2021 | VERSION_DIFFERENCE | ROCE source=26.5000, calculated=20.3609, difference=6.1391
DRREDDY | 2021 | VERSION_DIFFERENCE | ROE source=21.4000, calculated=11.0651, difference=10.3349
DRREDDY | 2022 | VERSION_DIFFERENCE | ROCE source=26.5000, calculated=19.1317, difference=7.3683
DRREDDY | 2022 | VERSION_DIFFERENCE | ROE source=21.4000, calculated=11.3575, difference=10.0425
EICHERMOT | 2012 | VERSION_DIFFERENCE | ROCE source=31.1000, calculated=38.5827, difference=7.4827
EICHERMOT | 2013 | VERSION_DIFFERENCE | ROCE source=31.1000, calculated=37.7747, difference=6.6747
EICHERMOT | 2014 | VERSION_DIFFERENCE | ROCE source=31.1000, calculated=47.5136, difference=16.4136
EICHERMOT | 2016 | VERSION_DIFFERENCE | ROCE source=31.1000, calculated=54.8422, difference=23.7422
EICHERMOT | 2016 | VERSION_DIFFERENCE | ROE source=24.2000, calculated=36.6274, difference=12.4274
EICHERMOT | 2017 | VERSION_DIFFERENCE | ROCE source=31.1000, calculated=47.4620, difference=16.3620
EICHERMOT | 2017 | VERSION_DIFFERENCE | ROE source=24.2000, calculated=31.1880, difference=6.9880
EICHERMOT | 2018 | VERSION_DIFFERENCE | ROCE source=31.1000, calculated=46.5813, difference=15.4813
EICHERMOT | 2019 | VERSION_DIFFERENCE | ROCE source=31.1000, calculated=39.5936, difference=8.4936
EICHERMOT | 2020 | VERSION_DIFFERENCE | ROE source=24.2000, calculated=18.3048, difference=5.8952
EICHERMOT | 2021 | VERSION_DIFFERENCE | ROCE source=31.1000, calculated=19.4304, difference=11.6696
EICHERMOT | 2021 | VERSION_DIFFERENCE | ROE source=24.2000, calculated=11.7765, difference=12.4235
EICHERMOT | 2022 | VERSION_DIFFERENCE | ROCE source=31.1000, calculated=21.0286, difference=10.0714
EICHERMOT | 2022 | VERSION_DIFFERENCE | ROE source=24.2000, calculated=13.3011, difference=10.8989
GAIL | 2016 | VERSION_DIFFERENCE | ROE source=14.0000, calculated=5.1479, difference=8.8521
GAIL | 2017 | VERSION_DIFFERENCE | ROE source=14.0000, calculated=8.5841, difference=5.4159
GAIL | 2019 | VERSION_DIFFERENCE | ROCE source=14.7000, calculated=24.1706, difference=9.4706
GAIL | 2020 | VERSION_DIFFERENCE | ROCE source=14.7000, calculated=22.8159, difference=8.1159
GAIL | 2020 | VERSION_DIFFERENCE | ROE source=14.0000, calculated=19.3127, difference=5.3127
GAIL | 2022 | VERSION_DIFFERENCE | ROCE source=14.7000, calculated=24.6638, difference=9.9638
GAIL | 2022 | VERSION_DIFFERENCE | ROE source=14.0000, calculated=19.1908, difference=5.1908
GAIL | 2023 | VERSION_DIFFERENCE | ROE source=14.0000, calculated=8.6189, difference=5.3811
GODREJCP | 2013 | VERSION_DIFFERENCE | ROCE source=26.4900, calculated=20.6102, difference=5.8798
GODREJCP | 2013 | VERSION_DIFFERENCE | ROE source=6.7700, calculated=25.5056, difference=18.7356
GODREJCP | 2014 | VERSION_DIFFERENCE | ROCE source=26.4900, calculated=20.0228, difference=6.4672
GODREJCP | 2014 | VERSION_DIFFERENCE | ROE source=6.7700, calculated=21.6954, difference=14.9254
GODREJCP | 2015 | VERSION_DIFFERENCE | ROCE source=26.4900, calculated=20.6602, difference=5.8298
GODREJCP | 2015 | VERSION_DIFFERENCE | ROE source=6.7700, calculated=22.6398, difference=15.8698
GODREJCP | 2016 | VERSION_DIFFERENCE | ROCE source=26.4900, calculated=19.4887, difference=7.0013
GODREJCP | 2016 | VERSION_DIFFERENCE | ROE source=6.7700, calculated=19.4750, difference=12.7050
GODREJCP | 2017 | VERSION_DIFFERENCE | ROCE source=26.4900, calculated=21.3157, difference=5.1743
GODREJCP | 2017 | VERSION_DIFFERENCE | ROE source=6.7700, calculated=24.6699, difference=17.8999
GODREJCP | 2018 | VERSION_DIFFERENCE | ROE source=6.7700, calculated=26.1106, difference=19.3406
GODREJCP | 2019 | VERSION_DIFFERENCE | ROE source=6.7700, calculated=32.2279, difference=25.4579
GODREJCP | 2020 | VERSION_DIFFERENCE | ROCE source=26.4900, calculated=19.0534, difference=7.4366
GODREJCP | 2020 | VERSION_DIFFERENCE | ROE source=6.7700, calculated=18.9542, difference=12.1842
GODREJCP | 2021 | VERSION_DIFFERENCE | ROCE source=26.4900, calculated=21.4279, difference=5.0621
GODREJCP | 2021 | VERSION_DIFFERENCE | ROE source=6.7700, calculated=18.2329, difference=11.4629
GODREJCP | 2022 | VERSION_DIFFERENCE | ROCE source=26.4900, calculated=18.7557, difference=7.7343
GODREJCP | 2022 | VERSION_DIFFERENCE | ROE source=6.7700, calculated=15.4292, difference=8.6592
GODREJCP | 2023 | VERSION_DIFFERENCE | ROCE source=26.4900, calculated=17.1335, difference=9.3565
GODREJCP | 2023 | VERSION_DIFFERENCE | ROE source=6.7700, calculated=12.3387, difference=5.5687
GODREJCP | 2024 | VERSION_DIFFERENCE | ROCE source=26.4900, calculated=4.6756, difference=21.8144
GODREJCP | 2024 | VERSION_DIFFERENCE | ROE source=6.7700, calculated=-4.6097, difference=11.3797
GRASIM | 2013 | VERSION_DIFFERENCE | ROCE source=9.3000, calculated=23.1041, difference=13.8041
GRASIM | 2013 | VERSION_DIFFERENCE | ROE source=6.9000, calculated=19.2196, difference=12.3196
GRASIM | 2014 | VERSION_DIFFERENCE | ROCE source=9.3000, calculated=17.5454, difference=8.2454
GRASIM | 2014 | VERSION_DIFFERENCE | ROE source=6.9000, calculated=13.6664, difference=6.7664
GRASIM | 2015 | VERSION_DIFFERENCE | ROCE source=9.3000, calculated=16.1791, difference=6.8791
GRASIM | 2016 | VERSION_DIFFERENCE | ROCE source=9.3000, calculated=18.1074, difference=8.8074
GRASIM | 2016 | VERSION_DIFFERENCE | ROE source=6.9000, calculated=12.5962, difference=5.6962
GRASIM | 2017 | VERSION_DIFFERENCE | ROCE source=9.3000, calculated=20.8448, difference=11.5448
GRASIM | 2017 | VERSION_DIFFERENCE | ROE source=6.9000, calculated=13.5279, difference=6.6279
GRASIM | 2022 | VERSION_DIFFERENCE | ROCE source=9.3000, calculated=14.6760, difference=5.3760
GRASIM | 2022 | VERSION_DIFFERENCE | ROE source=6.9000, calculated=14.8034, difference=7.9034
GRASIM | 2023 | VERSION_DIFFERENCE | ROE source=6.9000, calculated=14.0687, difference=7.1687
HAL | 2016 | VERSION_DIFFERENCE | ROCE source=38.9000, calculated=2953.6232, difference=2914.7232
HAL | 2016 | VERSION_DIFFERENCE | ROE source=28.9000, calculated=1665.0000, difference=1636.1000
HAL | 2017 | VERSION_DIFFERENCE | ROCE source=38.9000, calculated=3170.3704, difference=3131.4704
HAL | 2017 | VERSION_DIFFERENCE | ROE source=28.9000, calculated=1966.9173, difference=1938.0173
HAL | 2018 | VERSION_DIFFERENCE | ROCE source=38.9000, calculated=3173.6842, difference=3134.7842
HAL | 2018 | VERSION_DIFFERENCE | ROE source=28.9000, calculated=1528.4615, difference=1499.5615
HAL | 2019 | VERSION_DIFFERENCE | ROCE source=38.9000, calculated=3507.0922, difference=3468.1922
HAL | 2019 | VERSION_DIFFERENCE | ROE source=28.9000, calculated=1763.9098, difference=1735.0098
HAL | 2020 | VERSION_DIFFERENCE | ROCE source=38.9000, calculated=3782.1429, difference=3743.2429
HAL | 2020 | VERSION_DIFFERENCE | ROE source=28.9000, calculated=2059.4203, difference=2030.5203
HAL | 2021 | VERSION_DIFFERENCE | ROCE source=38.9000, calculated=3800.6667, difference=3761.7667
HAL | 2021 | VERSION_DIFFERENCE | ROE source=28.9000, calculated=2249.3056, difference=2220.4056
HAL | 2022 | VERSION_DIFFERENCE | ROCE source=38.9000, calculated=3882.4242, difference=3843.5242
HAL | 2022 | VERSION_DIFFERENCE | ROE source=28.9000, calculated=3324.1830, difference=3295.2830
HAL | 2023 | VERSION_DIFFERENCE | ROCE source=38.9000, calculated=3723.6607, difference=3684.7607
HAL | 2023 | VERSION_DIFFERENCE | ROE source=28.9000, calculated=3283.0508, difference=3254.1508
HAL | 2024 | VERSION_DIFFERENCE | ROCE source=38.9000, calculated=3519.0332, difference=3480.1332
HAL | 2024 | VERSION_DIFFERENCE | ROE source=28.9000, calculated=3669.0821, difference=3640.1821
HAVELLS | 2013 | VERSION_DIFFERENCE | ROCE source=24.4000, calculated=36.9637, difference=12.5637
HAVELLS | 2013 | VERSION_DIFFERENCE | ROE source=18.0000, calculated=40.2913, difference=22.2913
HAVELLS | 2014 | VERSION_DIFFERENCE | ROCE source=24.4000, calculated=29.8529, difference=5.4529
HAVELLS | 2014 | VERSION_DIFFERENCE | ROE source=18.0000, calculated=26.7707, difference=8.7707
HAVELLS | 2015 | VERSION_DIFFERENCE | ROCE source=24.4000, calculated=35.8162, difference=11.4162
HAVELLS | 2016 | VERSION_DIFFERENCE | ROCE source=24.4000, calculated=55.2040, difference=30.8040
HAVELLS | 2016 | VERSION_DIFFERENCE | ROE source=18.0000, calculated=42.9468, difference=24.9468
HAVELLS | 2019 | VERSION_DIFFERENCE | ROCE source=24.4000, calculated=30.5918, difference=6.1918
HAVELLS | 2021 | VERSION_DIFFERENCE | ROCE source=24.4000, calculated=31.1688, difference=6.7688
HCLTECH | 2013 | VERSION_DIFFERENCE | ROCE source=29.6000, calculated=42.3142, difference=12.7142
HCLTECH | 2013 | VERSION_DIFFERENCE | ROE source=23.3000, calculated=30.6898, difference=7.3898
HCLTECH | 2014 | VERSION_DIFFERENCE | ROCE source=29.6000, calculated=42.3571, difference=12.7571
HCLTECH | 2014 | VERSION_DIFFERENCE | ROE source=23.3000, calculated=33.3913, difference=10.0913
HCLTECH | 2015 | VERSION_DIFFERENCE | ROCE source=29.6000, calculated=38.6459, difference=9.0459
HCLTECH | 2015 | VERSION_DIFFERENCE | ROE source=23.3000, calculated=30.3088, difference=7.0088
HDFCBANK | 2023 | VERSION_DIFFERENCE | ROCE source=7.6700, calculated=2.5965, difference=5.0735
HDFCLIFE | 2013 | VERSION_DIFFERENCE | ROCE source=6.6100, calculated=1012.6402, difference=1006.0302
HDFCLIFE | 2013 | VERSION_DIFFERENCE | ROE source=11.4000, calculated=33.4331, difference=22.0331
HDFCLIFE | 2014 | VERSION_DIFFERENCE | ROCE source=6.6100, calculated=859.1805, difference=852.5705
HDFCLIFE | 2014 | VERSION_DIFFERENCE | ROE source=11.4000, calculated=37.6037, difference=26.2037
HDFCLIFE | 2015 | VERSION_DIFFERENCE | ROCE source=6.6100, calculated=1036.7572, difference=1030.1472
HDFCLIFE | 2015 | VERSION_DIFFERENCE | ROE source=11.4000, calculated=30.9327, difference=19.5327
HDFCLIFE | 2016 | VERSION_DIFFERENCE | ROCE source=6.6100, calculated=554.0445, difference=547.4345
HDFCLIFE | 2016 | VERSION_DIFFERENCE | ROE source=11.4000, calculated=26.3294, difference=14.9294
HDFCLIFE | 2017 | VERSION_DIFFERENCE | ROCE source=6.6100, calculated=775.6665, difference=769.0565
HDFCLIFE | 2017 | VERSION_DIFFERENCE | ROE source=11.4000, calculated=23.1835, difference=11.7835
HDFCLIFE | 2018 | VERSION_DIFFERENCE | ROCE source=6.6100, calculated=662.8905, difference=656.2805
HDFCLIFE | 2018 | VERSION_DIFFERENCE | ROE source=11.4000, calculated=23.5282, difference=12.1282
HDFCLIFE | 2019 | VERSION_DIFFERENCE | ROCE source=6.6100, calculated=667.1925, difference=660.5825
HDFCLIFE | 2019 | VERSION_DIFFERENCE | ROE source=11.4000, calculated=22.6515, difference=11.2515
HDFCLIFE | 2020 | VERSION_DIFFERENCE | ROCE source=6.6100, calculated=414.9111, difference=408.3011
HDFCLIFE | 2020 | VERSION_DIFFERENCE | ROE source=11.4000, calculated=19.0539, difference=7.6539
HDFCLIFE | 2021 | VERSION_DIFFERENCE | ROCE source=6.6100, calculated=760.7792, difference=754.1692
HDFCLIFE | 2022 | VERSION_DIFFERENCE | ROCE source=6.6100, calculated=409.2081, difference=402.5981
HDFCLIFE | 2023 | VERSION_DIFFERENCE | ROCE source=6.6100, calculated=502.9549, difference=496.3449
HDFCLIFE | 2024 | VERSION_DIFFERENCE | ROCE source=6.6100, calculated=609.8345, difference=603.2245
HEROMOTOCO | 2014 | VERSION_DIFFERENCE | ROCE source=29.1000, calculated=367.9702, difference=338.8702
HEROMOTOCO | 2014 | VERSION_DIFFERENCE | ROE source=22.0000, calculated=37.3822, difference=15.3822
HEROMOTOCO | 2015 | VERSION_DIFFERENCE | ROCE source=29.1000, calculated=361.9127, difference=332.8127
HEROMOTOCO | 2015 | VERSION_DIFFERENCE | ROE source=22.0000, calculated=36.1468, difference=14.1468
HEROMOTOCO | 2016 | VERSION_DIFFERENCE | ROCE source=29.1000, calculated=265.2658, difference=236.1658
HEROMOTOCO | 2016 | VERSION_DIFFERENCE | ROE source=22.0000, calculated=35.2275, difference=13.2275
HEROMOTOCO | 2017 | VERSION_DIFFERENCE | ROCE source=29.1000, calculated=227.2951, difference=198.1951
HEROMOTOCO | 2017 | VERSION_DIFFERENCE | ROE source=22.0000, calculated=34.3738, difference=12.3738
HEROMOTOCO | 2018 | VERSION_DIFFERENCE | ROCE source=29.1000, calculated=222.4590, difference=193.3590
HEROMOTOCO | 2018 | VERSION_DIFFERENCE | ROE source=22.0000, calculated=31.0892, difference=9.0892
HEROMOTOCO | 2019 | VERSION_DIFFERENCE | ROCE source=29.1000, calculated=215.6120, difference=186.5120
HEROMOTOCO | 2020 | VERSION_DIFFERENCE | ROCE source=29.1000, calculated=169.5807, difference=140.4807
HEROMOTOCO | 2021 | VERSION_DIFFERENCE | ROCE source=29.1000, calculated=168.2188, difference=139.1188
HEROMOTOCO | 2022 | VERSION_DIFFERENCE | ROCE source=29.1000, calculated=159.8955, difference=130.7955
HEROMOTOCO | 2022 | VERSION_DIFFERENCE | ROE source=22.0000, calculated=14.6968, difference=7.3032
HEROMOTOCO | 2023 | VERSION_DIFFERENCE | ROCE source=29.1000, calculated=174.5936, difference=145.4936
HEROMOTOCO | 2023 | VERSION_DIFFERENCE | ROE source=22.0000, calculated=16.8108, difference=5.1892
HEROMOTOCO | 2024 | VERSION_DIFFERENCE | ROCE source=29.1000, calculated=166.1717, difference=137.0717
HINDALCO | 2013 | VERSION_DIFFERENCE | ROCE source=11.3000, calculated=78.5687, difference=67.2687
HINDALCO | 2014 | VERSION_DIFFERENCE | ROCE source=11.3000, calculated=75.6264, difference=64.3264
HINDALCO | 2015 | VERSION_DIFFERENCE | ROCE source=11.3000, calculated=89.3705, difference=78.0705
HINDALCO | 2015 | VERSION_DIFFERENCE | ROE source=10.2000, calculated=0.6757, difference=9.5243
HINDALCO | 2016 | VERSION_DIFFERENCE | ROCE source=11.3000, calculated=84.1237, difference=72.8237
HINDALCO | 2016 | VERSION_DIFFERENCE | ROE source=10.2000, calculated=-1.7287, difference=11.9287
HINDALCO | 2017 | VERSION_DIFFERENCE | ROCE source=11.3000, calculated=79.9802, difference=68.6802
HINDALCO | 2017 | VERSION_DIFFERENCE | ROE source=10.2000, calculated=4.0861, difference=6.1139
HINDALCO | 2018 | VERSION_DIFFERENCE | ROCE source=11.3000, calculated=94.9255, difference=83.6255
HINDALCO | 2019 | VERSION_DIFFERENCE | ROCE source=11.3000, calculated=104.6645, difference=93.3645
HINDALCO | 2020 | VERSION_DIFFERENCE | ROCE source=11.3000, calculated=81.9549, difference=70.6549
HINDALCO | 2021 | VERSION_DIFFERENCE | ROCE source=11.3000, calculated=85.5861, difference=74.2861
HINDALCO | 2022 | VERSION_DIFFERENCE | ROCE source=11.3000, calculated=116.8563, difference=105.5563
HINDALCO | 2022 | VERSION_DIFFERENCE | ROE source=10.2000, calculated=17.5596, difference=7.3596
HINDALCO | 2023 | VERSION_DIFFERENCE | ROCE source=11.3000, calculated=129.3036, difference=118.0036
HINDALCO | 2024 | VERSION_DIFFERENCE | ROCE source=11.3000, calculated=109.0646, difference=97.7646
HINDUNILVR | 2013 | VERSION_DIFFERENCE | ROCE source=27.2000, calculated=788.9273, difference=761.7273
HINDUNILVR | 2013 | VERSION_DIFFERENCE | ROE source=20.2000, calculated=133.9965, difference=113.7965
HINDUNILVR | 2014 | VERSION_DIFFERENCE | ROCE source=27.2000, calculated=683.5334, difference=656.3334
HINDUNILVR | 2014 | VERSION_DIFFERENCE | ROE source=20.2000, calculated=111.8462, difference=91.6462
HINDUNILVR | 2015 | VERSION_DIFFERENCE | ROCE source=27.2000, calculated=652.9975, difference=625.7975
HINDUNILVR | 2015 | VERSION_DIFFERENCE | ROE source=20.2000, calculated=108.6665, difference=88.4665
HINDUNILVR | 2016 | VERSION_DIFFERENCE | ROCE source=27.2000, calculated=389.5407, difference=362.3407
HINDUNILVR | 2016 | VERSION_DIFFERENCE | ROE source=20.2000, calculated=63.1523, difference=42.9523
HINDUNILVR | 2017 | VERSION_DIFFERENCE | ROCE source=27.2000, calculated=382.4669, difference=355.2669
HINDUNILVR | 2017 | VERSION_DIFFERENCE | ROE source=20.2000, calculated=66.5777, difference=46.3777
HINDUNILVR | 2018 | VERSION_DIFFERENCE | ROCE source=27.2000, calculated=385.4828, difference=358.2828
HINDUNILVR | 2018 | VERSION_DIFFERENCE | ROE source=20.2000, calculated=71.7896, difference=51.5896
HINDUNILVR | 2019 | VERSION_DIFFERENCE | ROCE source=27.2000, calculated=382.2872, difference=355.0872
HINDUNILVR | 2019 | VERSION_DIFFERENCE | ROE source=20.2000, calculated=77.0306, difference=56.8306
HINDUNILVR | 2020 | VERSION_DIFFERENCE | ROCE source=27.2000, calculated=363.9203, difference=336.7203
HINDUNILVR | 2020 | VERSION_DIFFERENCE | ROE source=20.2000, calculated=82.0999, difference=61.8999
HINDUNILVR | 2021 | VERSION_DIFFERENCE | ROCE source=27.2000, calculated=74.3109, difference=47.1109
HINDUNILVR | 2022 | VERSION_DIFFERENCE | ROCE source=27.2000, calculated=79.0635, difference=51.8635
HINDUNILVR | 2023 | VERSION_DIFFERENCE | ROCE source=27.2000, calculated=90.1656, difference=62.9656
HINDUNILVR | 2024 | VERSION_DIFFERENCE | ROCE source=27.2000, calculated=90.1463, difference=62.9463
ICICIBANK | 2016 | VERSION_DIFFERENCE | ROE source=18.8000, calculated=11.6108, difference=7.1892
ICICIBANK | 2017 | VERSION_DIFFERENCE | ROE source=18.8000, calculated=10.8380, difference=7.9620
ICICIBANK | 2018 | VERSION_DIFFERENCE | ROE source=18.8000, calculated=8.2256, difference=10.5744
ICICIBANK | 2019 | VERSION_DIFFERENCE | ROE source=18.8000, calculated=4.9793, difference=13.8207
ICICIBANK | 2020 | VERSION_DIFFERENCE | ROE source=18.8000, calculated=9.1290, difference=9.6710
ICICIBANK | 2021 | VERSION_DIFFERENCE | ROE source=18.8000, calculated=12.9224, difference=5.8776
ICICIGI | 2013 | VERSION_DIFFERENCE | ROCE source=22.5000, calculated=223.9037, difference=201.4037
ICICIGI | 2014 | VERSION_DIFFERENCE | ROCE source=22.5000, calculated=191.0192, difference=168.5192
ICICIGI | 2015 | VERSION_DIFFERENCE | ROCE source=22.5000, calculated=154.2273, difference=131.7273
ICICIGI | 2016 | VERSION_DIFFERENCE | ROCE source=22.5000, calculated=163.1758, difference=140.6758
ICICIGI | 2017 | VERSION_DIFFERENCE | ROCE source=22.5000, calculated=150.7752, difference=128.2752
ICICIGI | 2018 | VERSION_DIFFERENCE | ROCE source=22.5000, calculated=142.6582, difference=120.1582
ICICIGI | 2019 | VERSION_DIFFERENCE | ROCE source=22.5000, calculated=161.5803, difference=139.0803
ICICIGI | 2020 | VERSION_DIFFERENCE | ROCE source=22.5000, calculated=147.4543, difference=124.9543
ICICIGI | 2021 | VERSION_DIFFERENCE | ROCE source=22.5000, calculated=125.0247, difference=102.5247
ICICIGI | 2022 | VERSION_DIFFERENCE | ROCE source=22.5000, calculated=158.9331, difference=136.4331
ICICIGI | 2023 | VERSION_DIFFERENCE | ROCE source=22.5000, calculated=158.5934, difference=136.0934
ICICIGI | 2024 | VERSION_DIFFERENCE | ROCE source=22.5000, calculated=131.5450, difference=109.0450
ICICIPRULI | 2013 | VERSION_DIFFERENCE | ROCE source=8.7500, calculated=486.8468, difference=478.0968
ICICIPRULI | 2013 | VERSION_DIFFERENCE | ROE source=8.0700, calculated=38.2479, difference=30.1779
ICICIPRULI | 2014 | VERSION_DIFFERENCE | ROCE source=8.7500, calculated=465.2293, difference=456.4793
ICICIPRULI | 2014 | VERSION_DIFFERENCE | ROE source=8.0700, calculated=35.6149, difference=27.5449
ICICIPRULI | 2015 | VERSION_DIFFERENCE | ROCE source=8.7500, calculated=623.0389, difference=614.2889
ICICIPRULI | 2015 | VERSION_DIFFERENCE | ROE source=8.0700, calculated=31.1491, difference=23.0791
ICICIPRULI | 2016 | VERSION_DIFFERENCE | ROCE source=8.7500, calculated=299.3860, difference=290.6360
ICICIPRULI | 2016 | VERSION_DIFFERENCE | ROE source=8.0700, calculated=30.9976, difference=22.9276
ICICIPRULI | 2017 | VERSION_DIFFERENCE | ROCE source=8.7500, calculated=562.2073, difference=553.4573
ICICIPRULI | 2017 | VERSION_DIFFERENCE | ROE source=8.0700, calculated=26.2566, difference=18.1866
ICICIPRULI | 2018 | VERSION_DIFFERENCE | ROCE source=8.7500, calculated=563.8424, difference=555.0924
ICICIPRULI | 2018 | VERSION_DIFFERENCE | ROE source=8.0700, calculated=24.6273, difference=16.5573
ICICIPRULI | 2019 | VERSION_DIFFERENCE | ROCE source=8.7500, calculated=595.5902, difference=586.8402
ICICIPRULI | 2019 | VERSION_DIFFERENCE | ROE source=8.0700, calculated=16.5769, difference=8.5069
ICICIPRULI | 2020 | VERSION_DIFFERENCE | ROCE source=8.7500, calculated=295.8824, difference=287.1324
ICICIPRULI | 2020 | VERSION_DIFFERENCE | ROE source=8.0700, calculated=14.7927, difference=6.7227
ICICIPRULI | 2021 | VERSION_DIFFERENCE | ROCE source=8.7500, calculated=810.6703, difference=801.9203
ICICIPRULI | 2022 | VERSION_DIFFERENCE | ROCE source=8.7500, calculated=634.5337, difference=625.7837
ICICIPRULI | 2023 | VERSION_DIFFERENCE | ROCE source=8.7500, calculated=462.6395, difference=453.8895
ICICIPRULI | 2024 | VERSION_DIFFERENCE | ROCE source=8.7500, calculated=796.0429, difference=787.2929
INDIGO | 2013 | VERSION_DIFFERENCE | ROCE source=24.5000, calculated=54266.2338, difference=54241.7338
INDIGO | 2014 | VERSION_DIFFERENCE | ROCE source=24.5000, calculated=58086.9565, difference=58062.4565
INDIGO | 2015 | VERSION_DIFFERENCE | ROCE source=24.5000, calculated=39592.1053, difference=39567.6053
INDIGO | 2016 | VERSION_DIFFERENCE | ROCE source=24.5000, calculated=9458.5153, difference=9434.0153
INDIGO | 2017 | VERSION_DIFFERENCE | ROCE source=24.5000, calculated=10916.0000, difference=10891.5000
INDIGO | 2018 | VERSION_DIFFERENCE | ROCE source=24.5000, calculated=12989.6104, difference=12965.1104
INDIGO | 2019 | VERSION_DIFFERENCE | ROCE source=24.5000, calculated=13201.3825, difference=13176.8825
INDIGO | 2020 | VERSION_DIFFERENCE | ROCE source=24.5000, calculated=12479.5276, difference=12455.0276
INDIGO | 2021 | VERSION_DIFFERENCE | ROCE source=24.5000, calculated=2554.6248, difference=2530.1248
INDIGO | 2022 | VERSION_DIFFERENCE | ROCE source=24.5000, calculated=3833.0816, difference=3808.5816
INDIGO | 2023 | VERSION_DIFFERENCE | ROCE source=24.5000, calculated=6075.7921, difference=6051.2921
INDIGO | 2024 | VERSION_DIFFERENCE | ROCE source=24.5000, calculated=5405.6526, difference=5381.1526
INDUSINDBK | 2013 | VERSION_DIFFERENCE | ROCE source=7.9300, calculated=2.7399, difference=5.1901
INDUSINDBK | 2021 | VERSION_DIFFERENCE | ROE source=15.2000, calculated=6.5398, difference=8.6602
INDUSINDBK | 2022 | VERSION_DIFFERENCE | ROE source=15.2000, calculated=9.6671, difference=5.5329
INFY | 2013 | VERSION_DIFFERENCE | ROE source=31.8000, calculated=24.8171, difference=6.9829
INFY | 2014 | VERSION_DIFFERENCE | ROE source=31.8000, calculated=23.9299, difference=7.8701
INFY | 2015 | VERSION_DIFFERENCE | ROE source=31.8000, calculated=24.3851, difference=7.4149
INFY | 2016 | VERSION_DIFFERENCE | ROCE source=40.0000, calculated=32.7141, difference=7.2859
INFY | 2016 | VERSION_DIFFERENCE | ROE source=31.8000, calculated=21.8467, difference=9.9533
INFY | 2017 | VERSION_DIFFERENCE | ROCE source=40.0000, calculated=31.3908, difference=8.6092
INFY | 2017 | VERSION_DIFFERENCE | ROE source=31.8000, calculated=20.8069, difference=10.9931
INFY | 2018 | VERSION_DIFFERENCE | ROCE source=40.0000, calculated=34.0912, difference=5.9088
INFY | 2018 | VERSION_DIFFERENCE | ROE source=31.8000, calculated=24.6892, difference=7.1108
INFY | 2019 | VERSION_DIFFERENCE | ROE source=31.8000, calculated=23.7267, difference=8.0733
INFY | 2020 | VERSION_DIFFERENCE | ROE source=31.8000, calculated=25.4225, difference=6.3775
INFY | 2021 | VERSION_DIFFERENCE | ROE source=31.8000, calculated=25.4391, difference=6.3609
INFY | 2023 | VERSION_DIFFERENCE | ROCE source=40.0000, calculated=45.1951, difference=5.1951
IOC | 2013 | VERSION_DIFFERENCE | ROCE source=21.3100, calculated=11.3681, difference=9.9419
IOC | 2013 | VERSION_DIFFERENCE | ROE source=25.4400, calculated=5.7538, difference=19.6862
IOC | 2014 | VERSION_DIFFERENCE | ROCE source=21.3100, calculated=13.6868, difference=7.6232
IOC | 2014 | VERSION_DIFFERENCE | ROE source=25.4400, calculated=10.2587, difference=15.1813
IOC | 2015 | VERSION_DIFFERENCE | ROCE source=21.3100, calculated=12.2901, difference=9.0199
IOC | 2015 | VERSION_DIFFERENCE | ROE source=25.4400, calculated=7.0781, difference=18.3619
IOC | 2016 | VERSION_DIFFERENCE | ROE source=25.4400, calculated=13.7953, difference=11.6447
IOC | 2017 | VERSION_DIFFERENCE | ROE source=25.4400, calculated=19.9665, difference=5.4735
IOC | 2018 | VERSION_DIFFERENCE | ROE source=25.4400, calculated=19.8693, difference=5.5707
IOC | 2019 | VERSION_DIFFERENCE | ROE source=25.4400, calculated=15.3589, difference=10.0811
IOC | 2020 | VERSION_DIFFERENCE | ROCE source=21.3100, calculated=3.9469, difference=17.3631
IOC | 2020 | VERSION_DIFFERENCE | ROE source=25.4400, calculated=-1.9665, difference=27.4065
IOC | 2021 | VERSION_DIFFERENCE | ROE source=25.4400, calculated=19.4585, difference=5.9815
IOC | 2022 | VERSION_DIFFERENCE | ROE source=25.4400, calculated=19.2661, difference=6.1739
IOC | 2023 | VERSION_DIFFERENCE | ROCE source=21.3100, calculated=12.4029, difference=8.9071
IOC | 2023 | VERSION_DIFFERENCE | ROE source=25.4400, calculated=8.3767, difference=17.0633
IRCTC | 2015 | VERSION_DIFFERENCE | ROE source=40.4000, calculated=29.5045, difference=10.8955
IRCTC | 2016 | VERSION_DIFFERENCE | ROCE source=53.8000, calculated=60.7011, difference=6.9011
IRCTC | 2016 | VERSION_DIFFERENCE | ROE source=40.4000, calculated=34.8708, difference=5.5292
IRCTC | 2017 | VERSION_DIFFERENCE | ROCE source=53.8000, calculated=48.4117, difference=5.3883
IRCTC | 2017 | VERSION_DIFFERENCE | ROE source=40.4000, calculated=29.0978, difference=11.3022
IRCTC | 2018 | VERSION_DIFFERENCE | ROCE source=53.8000, calculated=39.0576, difference=14.7424
IRCTC | 2018 | VERSION_DIFFERENCE | ROE source=40.4000, calculated=23.1414, difference=17.2586
IRCTC | 2019 | VERSION_DIFFERENCE | ROCE source=53.8000, calculated=47.5257, difference=6.2743
IRCTC | 2019 | VERSION_DIFFERENCE | ROE source=40.4000, calculated=28.8515, difference=11.5485
IRCTC | 2020 | VERSION_DIFFERENCE | ROCE source=53.8000, calculated=59.3607, difference=5.5607
IRCTC | 2021 | VERSION_DIFFERENCE | ROCE source=53.8000, calculated=20.3257, difference=33.4743
IRCTC | 2021 | VERSION_DIFFERENCE | ROE source=40.4000, calculated=12.8434, difference=27.5566
IRCTC | 2022 | VERSION_DIFFERENCE | ROCE source=53.8000, calculated=47.8987, difference=5.9013
IRCTC | 2022 | VERSION_DIFFERENCE | ROE source=40.4000, calculated=35.2941, difference=5.1059
IRCTC | 2024 | VERSION_DIFFERENCE | ROCE source=53.8000, calculated=44.0954, difference=9.7046
IRCTC | 2024 | VERSION_DIFFERENCE | ROE source=40.4000, calculated=31.5356, difference=8.8644
IRFC | 2013 | VERSION_DIFFERENCE | ROE source=13.7000, calculated=8.1639, difference=5.5361
IRFC | 2016 | VERSION_DIFFERENCE | ROE source=13.7000, calculated=7.3666, difference=6.3334
IRFC | 2017 | VERSION_DIFFERENCE | ROE source=13.7000, calculated=7.7775, difference=5.9225
ITC | 2013 | VERSION_DIFFERENCE | ROCE source=34.7600, calculated=51.9046, difference=17.1446
ITC | 2014 | VERSION_DIFFERENCE | ROCE source=34.7600, calculated=51.1154, difference=16.3554
ITC | 2015 | VERSION_DIFFERENCE | ROCE source=34.7600, calculated=48.3706, difference=13.6106
ITC | 2016 | VERSION_DIFFERENCE | ROE source=29.4700, calculated=22.2610, difference=7.2090
ITC | 2017 | VERSION_DIFFERENCE | ROE source=29.4700, calculated=22.5734, difference=6.8966
ITC | 2018 | VERSION_DIFFERENCE | ROE source=29.4700, calculated=21.8873, difference=7.5827
ITC | 2019 | VERSION_DIFFERENCE | ROE source=29.4700, calculated=21.7041, difference=7.7659
ITC | 2020 | VERSION_DIFFERENCE | ROE source=29.4700, calculated=23.8889, difference=5.5811
ITC | 2021 | VERSION_DIFFERENCE | ROE source=29.4700, calculated=22.1767, difference=7.2933
ITC | 2023 | VERSION_DIFFERENCE | ROCE source=34.7600, calculated=40.0253, difference=5.2653
JINDALSTEL | 2014 | VERSION_DIFFERENCE | ROE source=14.1000, calculated=8.3857, difference=5.7143
JINDALSTEL | 2015 | VERSION_DIFFERENCE | ROCE source=13.2000, calculated=6.1088, difference=7.0912
JINDALSTEL | 2015 | VERSION_DIFFERENCE | ROE source=14.1000, calculated=-6.9005, difference=21.0005
JINDALSTEL | 2016 | VERSION_DIFFERENCE | ROCE source=13.2000, calculated=4.2381, difference=8.9619
JINDALSTEL | 2016 | VERSION_DIFFERENCE | ROE source=14.1000, calculated=-9.5172, difference=23.6172
JINDALSTEL | 2017 | VERSION_DIFFERENCE | ROCE source=13.2000, calculated=5.7272, difference=7.4728
JINDALSTEL | 2017 | VERSION_DIFFERENCE | ROE source=14.1000, calculated=-8.4456, difference=22.5456
JINDALSTEL | 2018 | VERSION_DIFFERENCE | ROCE source=13.2000, calculated=8.0235, difference=5.1765
JINDALSTEL | 2018 | VERSION_DIFFERENCE | ROE source=14.1000, calculated=-5.3184, difference=19.4184
JINDALSTEL | 2019 | VERSION_DIFFERENCE | ROE source=14.1000, calculated=-7.5175, difference=21.6175
JINDALSTEL | 2020 | VERSION_DIFFERENCE | ROE source=14.1000, calculated=-1.2447, difference=15.3447
JINDALSTEL | 2021 | VERSION_DIFFERENCE | ROCE source=13.2000, calculated=18.2195, difference=5.0195
JINDALSTEL | 2022 | VERSION_DIFFERENCE | ROCE source=13.2000, calculated=27.8360, difference=14.6360
JSWENERGY | 2013 | VERSION_DIFFERENCE | ROCE source=8.5900, calculated=16.9471, difference=8.3571
JSWENERGY | 2013 | VERSION_DIFFERENCE | ROE source=8.4000, calculated=14.5229, difference=6.1229
JSWENERGY | 2014 | VERSION_DIFFERENCE | ROCE source=8.5900, calculated=18.4446, difference=9.8546
JSWENERGY | 2015 | VERSION_DIFFERENCE | ROCE source=8.5900, calculated=22.7219, difference=14.1319
JSWENERGY | 2015 | VERSION_DIFFERENCE | ROE source=8.4000, calculated=18.0633, difference=9.6633
JSWENERGY | 2016 | VERSION_DIFFERENCE | ROCE source=8.5900, calculated=17.7847, difference=9.1947
JSWENERGY | 2016 | VERSION_DIFFERENCE | ROE source=8.4000, calculated=15.0453, difference=6.6453
JSWENERGY | 2017 | VERSION_DIFFERENCE | ROCE source=8.5900, calculated=14.3418, difference=5.7518
JSWENERGY | 2018 | VERSION_DIFFERENCE | ROE source=8.4000, calculated=0.7651, difference=7.6349
JSWENERGY | 2019 | VERSION_DIFFERENCE | ROCE source=8.5900, calculated=14.5372, difference=5.9472
JSWENERGY | 2020 | VERSION_DIFFERENCE | ROCE source=8.5900, calculated=15.5124, difference=6.9224
JSWENERGY | 2021 | VERSION_DIFFERENCE | ROCE source=8.5900, calculated=13.8168, difference=5.2268
JSWENERGY | 2022 | VERSION_DIFFERENCE | ROCE source=8.5900, calculated=15.7334, difference=7.1434
JSWSTEEL | 2013 | VERSION_DIFFERENCE | ROE source=11.6600, calculated=5.4439, difference=6.2161
JSWSTEEL | 2014 | VERSION_DIFFERENCE | ROE source=11.6600, calculated=1.8986, difference=9.7614
JSWSTEEL | 2016 | VERSION_DIFFERENCE | ROCE source=13.3600, calculated=7.2846, difference=6.0754
JSWSTEEL | 2016 | VERSION_DIFFERENCE | ROE source=11.6600, calculated=-2.5361, difference=14.1961
JSWSTEEL | 2017 | VERSION_DIFFERENCE | ROCE source=13.3600, calculated=18.6811, difference=5.3211
JSWSTEEL | 2018 | VERSION_DIFFERENCE | ROCE source=13.3600, calculated=21.8709, difference=8.5109
JSWSTEEL | 2018 | VERSION_DIFFERENCE | ROE source=11.6600, calculated=21.8337, difference=10.1737
JSWSTEEL | 2019 | VERSION_DIFFERENCE | ROCE source=13.3600, calculated=23.2702, difference=9.9102
JSWSTEEL | 2019 | VERSION_DIFFERENCE | ROE source=11.6600, calculated=21.6238, difference=9.9638
JSWSTEEL | 2021 | VERSION_DIFFERENCE | ROCE source=13.3600, calculated=18.9188, difference=5.5588
JSWSTEEL | 2021 | VERSION_DIFFERENCE | ROE source=11.6600, calculated=16.8356, difference=5.1756
JSWSTEEL | 2022 | VERSION_DIFFERENCE | ROCE source=13.3600, calculated=29.1786, difference=15.8186
JSWSTEEL | 2022 | VERSION_DIFFERENCE | ROE source=11.6600, calculated=31.1128, difference=19.4528
JSWSTEEL | 2023 | VERSION_DIFFERENCE | ROE source=11.6600, calculated=6.3003, difference=5.3597
LICI | 2019 | VERSION_DIFFERENCE | ROCE source=63.7900, calculated=3.1586, difference=60.6314
LICI | 2019 | VERSION_DIFFERENCE | ROE source=63.6100, calculated=324.3210, difference=260.7110
LICI | 2020 | VERSION_DIFFERENCE | ROCE source=63.7900, calculated=5.4725, difference=58.3175
LICI | 2020 | VERSION_DIFFERENCE | ROE source=63.6100, calculated=270.4591, difference=206.8491
LICI | 2021 | VERSION_DIFFERENCE | ROCE source=63.7900, calculated=182.4623, difference=118.6723
LICI | 2021 | VERSION_DIFFERENCE | ROE source=63.6100, calculated=43.2016, difference=20.4084
LICI | 2022 | VERSION_DIFFERENCE | ROCE source=63.7900, calculated=110.8916, difference=47.1016
LICI | 2022 | VERSION_DIFFERENCE | ROE source=63.6100, calculated=36.3821, difference=27.2279
LICI | 2023 | VERSION_DIFFERENCE | ROCE source=63.7900, calculated=90.8593, difference=27.0693
LICI | 2023 | VERSION_DIFFERENCE | ROE source=63.6100, calculated=77.8600, difference=14.2500
LICI | 2024 | VERSION_DIFFERENCE | ROCE source=63.7900, calculated=48.7552, difference=15.0348
LICI | 2024 | VERSION_DIFFERENCE | ROE source=63.6100, calculated=41.9062, difference=21.7038
LODHA | 2011 | VERSION_DIFFERENCE | ROE source=10.7000, calculated=35.4839, difference=24.7839
LODHA | 2012 | VERSION_DIFFERENCE | ROE source=10.7000, calculated=33.8366, difference=23.1366
LODHA | 2015 | VERSION_DIFFERENCE | ROE source=10.7000, calculated=24.2259, difference=13.5259
LODHA | 2016 | VERSION_DIFFERENCE | ROE source=10.7000, calculated=17.6944, difference=6.9944
LODHA | 2019 | VERSION_DIFFERENCE | ROE source=10.7000, calculated=42.8014, difference=32.1014
LODHA | 2020 | VERSION_DIFFERENCE | ROE source=10.7000, calculated=16.3005, difference=5.6005
LODHA | 2021 | VERSION_DIFFERENCE | ROCE source=11.1000, calculated=5.4537, difference=5.6463
LODHA | 2021 | VERSION_DIFFERENCE | ROE source=10.7000, calculated=1.0437, difference=9.6563
LODHA | 2023 | VERSION_DIFFERENCE | ROCE source=11.1000, calculated=4.7277, difference=6.3723
LODHA | 2023 | VERSION_DIFFERENCE | ROE source=10.7000, calculated=3.8695, difference=6.8305
LT | 2013 | VERSION_DIFFERENCE | ROCE source=17.1800, calculated=884.7425, difference=867.5625
LT | 2013 | VERSION_DIFFERENCE | ROE source=10.4900, calculated=395.1456, difference=384.6556
LT | 2014 | VERSION_DIFFERENCE | ROCE source=17.1800, calculated=896.6860, difference=879.5060
LT | 2014 | VERSION_DIFFERENCE | ROE source=10.4900, calculated=303.4161, difference=292.9261
LT | 2015 | VERSION_DIFFERENCE | ROCE source=17.1800, calculated=762.2995, difference=745.1195
LT | 2015 | VERSION_DIFFERENCE | ROE source=10.4900, calculated=245.1135, difference=234.6235
LT | 2016 | VERSION_DIFFERENCE | ROCE source=17.1800, calculated=766.2844, difference=749.1044
LT | 2016 | VERSION_DIFFERENCE | ROE source=10.4900, calculated=216.0941, difference=205.6041
LT | 2017 | VERSION_DIFFERENCE | ROCE source=17.1800, calculated=575.2545, difference=558.0745
LT | 2017 | VERSION_DIFFERENCE | ROE source=10.4900, calculated=206.2977, difference=195.8077
LT | 2018 | VERSION_DIFFERENCE | ROCE source=17.1800, calculated=558.9637, difference=541.7837
LT | 2018 | VERSION_DIFFERENCE | ROE source=10.4900, calculated=207.3575, difference=196.8675
LT | 2019 | VERSION_DIFFERENCE | ROCE source=17.1800, calculated=522.5220, difference=505.3420
LT | 2019 | VERSION_DIFFERENCE | ROE source=10.4900, calculated=208.8085, difference=198.3185
LT | 2020 | VERSION_DIFFERENCE | ROCE source=17.1800, calculated=436.4788, difference=419.2988
LT | 2020 | VERSION_DIFFERENCE | ROE source=10.4900, calculated=201.5914, difference=191.1014
LT | 2021 | VERSION_DIFFERENCE | ROCE source=17.1800, calculated=389.6692, difference=372.4892
LT | 2021 | VERSION_DIFFERENCE | ROE source=10.4900, calculated=176.9031, difference=166.4131
LT | 2022 | VERSION_DIFFERENCE | ROCE source=17.1800, calculated=183.4044, difference=166.2244
LT | 2022 | VERSION_DIFFERENCE | ROE source=10.4900, calculated=72.9213, difference=62.4313
LT | 2023 | VERSION_DIFFERENCE | ROCE source=17.1800, calculated=165.7586, difference=148.5786
LT | 2023 | VERSION_DIFFERENCE | ROE source=10.4900, calculated=75.5243, difference=65.0343
LT | 2024 | VERSION_DIFFERENCE | ROCE source=17.1800, calculated=144.0622, difference=126.8822
LT | 2024 | VERSION_DIFFERENCE | ROE source=10.4900, calculated=73.7699, difference=63.2799
LTIM | 2013 | VERSION_DIFFERENCE | ROCE source=34.1000, calculated=56.7069, difference=22.6069
LTIM | 2013 | VERSION_DIFFERENCE | ROE source=26.0400, calculated=41.9716, difference=15.9316
LTIM | 2014 | VERSION_DIFFERENCE | ROCE source=34.1000, calculated=79.3023, difference=45.2023
LTIM | 2014 | VERSION_DIFFERENCE | ROE source=26.0400, calculated=61.8634, difference=35.8234
LTIM | 2015 | VERSION_DIFFERENCE | ROCE source=34.1000, calculated=49.1979, difference=15.0979
LTIM | 2015 | VERSION_DIFFERENCE | ROE source=26.0400, calculated=37.9566, difference=11.9166
LTIM | 2016 | VERSION_DIFFERENCE | ROCE source=34.1000, calculated=55.7339, difference=21.6339
LTIM | 2016 | VERSION_DIFFERENCE | ROE source=26.0400, calculated=39.3412, difference=13.3012
LTIM | 2017 | VERSION_DIFFERENCE | ROCE source=34.1000, calculated=45.0700, difference=10.9700
LTIM | 2018 | VERSION_DIFFERENCE | ROCE source=34.1000, calculated=41.7876, difference=7.6876
LTIM | 2019 | VERSION_DIFFERENCE | ROCE source=34.1000, calculated=44.6556, difference=10.5556
LTIM | 2022 | VERSION_DIFFERENCE | ROCE source=34.1000, calculated=41.3516, difference=7.2516
M&M | 2013 | VERSION_DIFFERENCE | ROCE source=26.9800, calculated=20.4573, difference=6.5227
M&M | 2014 | VERSION_DIFFERENCE | ROCE source=26.9800, calculated=18.7143, difference=8.2657
M&M | 2015 | VERSION_DIFFERENCE | ROCE source=26.9800, calculated=15.0436, difference=11.9364
M&M | 2016 | VERSION_DIFFERENCE | ROCE source=26.9800, calculated=16.8727, difference=10.1073
M&M | 2017 | VERSION_DIFFERENCE | ROCE source=26.9800, calculated=16.3127, difference=10.6673
M&M | 2018 | VERSION_DIFFERENCE | ROCE source=26.9800, calculated=18.9829, difference=7.9971
M&M | 2019 | VERSION_DIFFERENCE | ROCE source=26.9800, calculated=16.1354, difference=10.8446
M&M | 2020 | VERSION_DIFFERENCE | ROCE source=26.9800, calculated=9.0471, difference=17.9329
M&M | 2020 | VERSION_DIFFERENCE | ROE source=17.9900, calculated=-0.8031, difference=18.7931
M&M | 2021 | VERSION_DIFFERENCE | ROCE source=26.9800, calculated=10.3423, difference=16.6377
M&M | 2021 | VERSION_DIFFERENCE | ROE source=17.9900, calculated=3.6362, difference=14.3538
M&M | 2022 | VERSION_DIFFERENCE | ROCE source=26.9800, calculated=14.3408, difference=12.6392
M&M | 2023 | VERSION_DIFFERENCE | ROCE source=26.9800, calculated=16.3149, difference=10.6651
M&M | 2024 | VERSION_DIFFERENCE | ROCE source=26.9800, calculated=15.0470, difference=11.9330
MARUTI | 2015 | VERSION_DIFFERENCE | ROCE source=23.6700, calculated=30.8557, difference=7.1857
MARUTI | 2016 | VERSION_DIFFERENCE | ROCE source=23.6700, calculated=34.0001, difference=10.3301
MARUTI | 2017 | VERSION_DIFFERENCE | ROCE source=23.6700, calculated=34.1330, difference=10.4630
MARUTI | 2018 | VERSION_DIFFERENCE | ROCE source=23.6700, calculated=33.4419, difference=9.7719
MARUTI | 2019 | VERSION_DIFFERENCE | ROCE source=23.6700, calculated=29.0358, difference=5.3658
MARUTI | 2021 | VERSION_DIFFERENCE | ROCE source=23.6700, calculated=15.9440, difference=7.7260
MARUTI | 2021 | VERSION_DIFFERENCE | ROE source=15.7500, calculated=8.3598, difference=7.3902
MARUTI | 2022 | VERSION_DIFFERENCE | ROCE source=23.6700, calculated=13.6534, difference=10.0166
MARUTI | 2022 | VERSION_DIFFERENCE | ROE source=15.7500, calculated=7.0121, difference=8.7379
MOTHERSON | 2013 | VERSION_DIFFERENCE | ROCE source=13.7000, calculated=24.9965, difference=11.2965
MOTHERSON | 2013 | VERSION_DIFFERENCE | ROE source=11.8000, calculated=19.7466, difference=7.9466
MOTHERSON | 2014 | VERSION_DIFFERENCE | ROCE source=13.7000, calculated=34.7224, difference=21.0224
MOTHERSON | 2014 | VERSION_DIFFERENCE | ROE source=11.8000, calculated=37.0733, difference=25.2733
MOTHERSON | 2015 | VERSION_DIFFERENCE | ROCE source=13.7000, calculated=36.1443, difference=22.4443
MOTHERSON | 2015 | VERSION_DIFFERENCE | ROE source=11.8000, calculated=38.8688, difference=27.0688
MOTHERSON | 2016 | VERSION_DIFFERENCE | ROCE source=13.7000, calculated=35.5914, difference=21.8914
MOTHERSON | 2016 | VERSION_DIFFERENCE | ROE source=11.8000, calculated=40.3457, difference=28.5457
MOTHERSON | 2017 | VERSION_DIFFERENCE | ROCE source=13.7000, calculated=24.2576, difference=10.5576
MOTHERSON | 2017 | VERSION_DIFFERENCE | ROE source=11.8000, calculated=26.2573, difference=14.4573
MOTHERSON | 2018 | VERSION_DIFFERENCE | ROCE source=13.7000, calculated=25.9305, difference=12.2305
MOTHERSON | 2018 | VERSION_DIFFERENCE | ROE source=11.8000, calculated=22.8652, difference=11.0652
MOTHERSON | 2019 | VERSION_DIFFERENCE | ROCE source=13.7000, calculated=25.2523, difference=11.5523
MOTHERSON | 2019 | VERSION_DIFFERENCE | ROE source=11.8000, calculated=19.1371, difference=7.3371
MOTHERSON | 2020 | VERSION_DIFFERENCE | ROCE source=13.7000, calculated=21.7076, difference=8.0076
MOTHERSON | 2021 | VERSION_DIFFERENCE | ROCE source=13.7000, calculated=20.1625, difference=6.4625
MOTHERSON | 2022 | VERSION_DIFFERENCE | ROE source=11.8000, calculated=5.7412, difference=6.0588
NAUKRI | 2013 | VERSION_DIFFERENCE | ROCE source=3.6500, calculated=23.8095, difference=20.1595
NAUKRI | 2013 | VERSION_DIFFERENCE | ROE source=2.4400, calculated=12.5000, difference=10.0600
NAUKRI | 2014 | VERSION_DIFFERENCE | ROCE source=3.6500, calculated=21.5453, difference=17.8953
NAUKRI | 2014 | VERSION_DIFFERENCE | ROE source=2.4400, calculated=8.9286, difference=6.4886
NAUKRI | 2016 | VERSION_DIFFERENCE | ROCE source=3.6500, calculated=13.0829, difference=9.4329
NAUKRI | 2016 | VERSION_DIFFERENCE | ROE source=2.4400, calculated=7.6474, difference=5.2074
NAUKRI | 2017 | VERSION_DIFFERENCE | ROE source=2.4400, calculated=-2.7010, difference=5.1410
NAUKRI | 2018 | VERSION_DIFFERENCE | ROCE source=3.6500, calculated=30.3030, difference=26.6530
NAUKRI | 2018 | VERSION_DIFFERENCE | ROE source=2.4400, calculated=24.4988, difference=22.0588
NAUKRI | 2019 | VERSION_DIFFERENCE | ROCE source=3.6500, calculated=29.3239, difference=25.6739
NAUKRI | 2019 | VERSION_DIFFERENCE | ROE source=2.4400, calculated=23.2796, difference=20.8396
NAUKRI | 2020 | VERSION_DIFFERENCE | ROCE source=3.6500, calculated=-2.8169, difference=6.4669
NAUKRI | 2020 | VERSION_DIFFERENCE | ROE source=2.4400, calculated=-11.2073, difference=13.6473
NAUKRI | 2021 | VERSION_DIFFERENCE | ROCE source=3.6500, calculated=30.3607, difference=26.7107
NAUKRI | 2021 | VERSION_DIFFERENCE | ROE source=2.4400, calculated=26.2787, difference=23.8387
NAUKRI | 2022 | VERSION_DIFFERENCE | ROCE source=3.6500, calculated=82.3761, difference=78.7261
NAUKRI | 2022 | VERSION_DIFFERENCE | ROE source=2.4400, calculated=74.7129, difference=72.2729
NESTLEIND | 2013 | VERSION_DIFFERENCE | ROCE source=185.4300, calculated=57.4923, difference=127.9377
NESTLEIND | 2013 | VERSION_DIFFERENCE | ROE source=135.6100, calculated=47.1706, difference=88.4394
NESTLEIND | 2014 | VERSION_DIFFERENCE | ROCE source=185.4300, calculated=74.4137, difference=111.0163
NESTLEIND | 2014 | VERSION_DIFFERENCE | ROE source=135.6100, calculated=41.7695, difference=93.8405
NESTLEIND | 2015 | VERSION_DIFFERENCE | ROCE source=185.4300, calculated=41.0582, difference=144.3718
NESTLEIND | 2015 | VERSION_DIFFERENCE | ROE source=135.6100, calculated=19.9858, difference=115.6242
NESTLEIND | 2016 | VERSION_DIFFERENCE | ROCE source=185.4300, calculated=60.0302, difference=125.3998
NESTLEIND | 2016 | VERSION_DIFFERENCE | ROE source=135.6100, calculated=30.4997, difference=105.1103
NESTLEIND | 2017 | VERSION_DIFFERENCE | ROCE source=185.4300, calculated=65.8177, difference=119.6123
NESTLEIND | 2017 | VERSION_DIFFERENCE | ROE source=135.6100, calculated=35.8187, difference=99.7913
NESTLEIND | 2018 | VERSION_DIFFERENCE | ROCE source=185.4300, calculated=77.5890, difference=107.8410
NESTLEIND | 2018 | VERSION_DIFFERENCE | ROE source=135.6100, calculated=43.7517, difference=91.8583
NESTLEIND | 2019 | VERSION_DIFFERENCE | ROCE source=185.4300, calculated=150.5933, difference=34.8367
NESTLEIND | 2019 | VERSION_DIFFERENCE | ROE source=135.6100, calculated=102.6069, difference=33.0031
NESTLEIND | 2020 | VERSION_DIFFERENCE | ROCE source=185.4300, calculated=154.5706, difference=30.8594
NESTLEIND | 2020 | VERSION_DIFFERENCE | ROE source=135.6100, calculated=103.1204, difference=32.4896
NESTLEIND | 2021 | VERSION_DIFFERENCE | ROCE source=185.4300, calculated=155.9675, difference=29.4625
NESTLEIND | 2021 | VERSION_DIFFERENCE | ROE source=135.6100, calculated=108.8386, difference=26.7714
NESTLEIND | 2022 | VERSION_DIFFERENCE | ROCE source=185.4300, calculated=139.6703, difference=45.7597
NESTLEIND | 2022 | VERSION_DIFFERENCE | ROE source=135.6100, calculated=97.2346, difference=38.3754
NESTLEIND | 2023 | VERSION_DIFFERENCE | ROCE source=185.4300, calculated=168.0220, difference=17.4080
NESTLEIND | 2023 | VERSION_DIFFERENCE | ROE source=135.6100, calculated=121.9601, difference=13.6499
NESTLEIND | 2024 | VERSION_DIFFERENCE | ROCE source=185.4300, calculated=136.9725, difference=48.4575
NESTLEIND | 2024 | VERSION_DIFFERENCE | ROE source=135.6100, calculated=98.5714, difference=37.0386
NHPC | 2015 | VERSION_DIFFERENCE | ROCE source=7.6700, calculated=13.1101, difference=5.4401
NHPC | 2017 | VERSION_DIFFERENCE | ROCE source=7.6700, calculated=14.7776, difference=7.1076
NHPC | 2019 | VERSION_DIFFERENCE | ROCE source=7.6700, calculated=13.4646, difference=5.7946
ONGC | 2013 | VERSION_DIFFERENCE | ROCE source=19.7100, calculated=28.2824, difference=8.5724
ONGC | 2014 | VERSION_DIFFERENCE | ROCE source=19.7100, calculated=25.4446, difference=5.7346
ONGC | 2016 | VERSION_DIFFERENCE | ROE source=14.3200, calculated=6.6234, difference=7.6966
ONGC | 2019 | VERSION_DIFFERENCE | ROCE source=19.7100, calculated=25.9908, difference=6.2808
ONGC | 2020 | VERSION_DIFFERENCE | ROE source=14.3200, calculated=5.5855, difference=8.7345
PFC | 2013 | VERSION_DIFFERENCE | ROCE source=9.9600, calculated=3.6769, difference=6.2831
PFC | 2014 | VERSION_DIFFERENCE | ROCE source=9.9600, calculated=4.0860, difference=5.8740
PFC | 2015 | VERSION_DIFFERENCE | ROCE source=9.9600, calculated=3.8391, difference=6.1209
PFC | 2016 | VERSION_DIFFERENCE | ROCE source=9.9600, calculated=3.8815, difference=6.0785
PFC | 2017 | VERSION_DIFFERENCE | ROCE source=9.9600, calculated=2.2119, difference=7.7481
PFC | 2017 | VERSION_DIFFERENCE | ROE source=19.4900, calculated=6.0687, difference=13.4213
PFC | 2018 | VERSION_DIFFERENCE | ROCE source=9.9600, calculated=2.4521, difference=7.5079
PFC | 2019 | VERSION_DIFFERENCE | ROCE source=9.9600, calculated=3.0475, difference=6.9125
PFC | 2019 | VERSION_DIFFERENCE | ROE source=19.4900, calculated=26.8246, difference=7.3346
PFC | 2020 | VERSION_DIFFERENCE | ROCE source=9.9600, calculated=2.1854, difference=7.7746
PFC | 2021 | VERSION_DIFFERENCE | ROCE source=9.9600, calculated=2.7645, difference=7.1955
PFC | 2021 | VERSION_DIFFERENCE | ROE source=19.4900, calculated=25.8627, difference=6.3727
PFC | 2022 | VERSION_DIFFERENCE | ROCE source=9.9600, calculated=3.1984, difference=6.7616
PFC | 2022 | VERSION_DIFFERENCE | ROE source=19.4900, calculated=26.1845, difference=6.6945
PFC | 2023 | VERSION_DIFFERENCE | ROCE source=9.9600, calculated=3.1782, difference=6.7818
PFC | 2023 | VERSION_DIFFERENCE | ROE source=19.4900, calculated=25.1658, difference=5.6758
PFC | 2024 | VERSION_DIFFERENCE | ROCE source=9.9600, calculated=3.2966, difference=6.6634
PIDILITIND | 2013 | VERSION_DIFFERENCE | ROCE source=29.7000, calculated=37.7412, difference=8.0412
PIDILITIND | 2014 | VERSION_DIFFERENCE | ROCE source=29.7000, calculated=35.5355, difference=5.8355
PIDILITIND | 2015 | VERSION_DIFFERENCE | ROCE source=29.7000, calculated=34.8368, difference=5.1368
PIDILITIND | 2016 | VERSION_DIFFERENCE | ROCE source=29.7000, calculated=46.1369, difference=16.4369
PIDILITIND | 2016 | VERSION_DIFFERENCE | ROE source=22.8000, calculated=30.5914, difference=7.7914
PIDILITIND | 2017 | VERSION_DIFFERENCE | ROCE source=29.7000, calculated=38.5822, difference=8.8822
PIDILITIND | 2018 | VERSION_DIFFERENCE | ROCE source=29.7000, calculated=40.3893, difference=10.6893
PIDILITIND | 2019 | VERSION_DIFFERENCE | ROCE source=29.7000, calculated=35.2265, difference=5.5265
PIDILITIND | 2020 | VERSION_DIFFERENCE | ROCE source=29.7000, calculated=35.2656, difference=5.5656
PNB | 2013 | VERSION_DIFFERENCE | ROE source=8.7000, calculated=812.2977, difference=803.5977
PNB | 2014 | VERSION_DIFFERENCE | ROE source=8.7000, calculated=393.3619, difference=384.6619
PNB | 2015 | VERSION_DIFFERENCE | ROE source=8.7000, calculated=223.2426, difference=214.5426
PNB | 2016 | VERSION_DIFFERENCE | ROE source=8.7000, calculated=-163.5601, difference=172.2601
PNB | 2017 | VERSION_DIFFERENCE | ROE source=8.7000, calculated=22.2123, difference=13.5123
PNB | 2018 | VERSION_DIFFERENCE | ROE source=8.7000, calculated=-184.3660, difference=193.0660
PNB | 2019 | VERSION_DIFFERENCE | ROE source=8.7000, calculated=-128.4465, difference=137.1465
PNB | 2021 | VERSION_DIFFERENCE | ROE source=8.7000, calculated=30.3936, difference=21.6936
PNB | 2022 | VERSION_DIFFERENCE | ROE source=8.7000, calculated=39.8735, difference=31.1735
PNB | 2023 | VERSION_DIFFERENCE | ROE source=8.7000, calculated=30.6674, difference=21.9674
PNB | 2024 | VERSION_DIFFERENCE | ROE source=8.7000, calculated=61.3206, difference=52.6206
POWERGRID | 2014 | VERSION_DIFFERENCE | ROE source=19.0000, calculated=13.1074, difference=5.8926
POWERGRID | 2015 | VERSION_DIFFERENCE | ROE source=19.0000, calculated=13.1273, difference=5.8727
POWERGRID | 2016 | VERSION_DIFFERENCE | ROE source=19.0000, calculated=13.5524, difference=5.4476
POWERGRID | 2022 | VERSION_DIFFERENCE | ROCE source=13.2000, calculated=19.2080, difference=6.0080
POWERGRID | 2023 | VERSION_DIFFERENCE | ROCE source=13.2000, calculated=19.2188, difference=6.0188
POWERGRID | 2024 | VERSION_DIFFERENCE | ROCE source=13.2000, calculated=18.8148, difference=5.6148
RECLTD | 2018 | VERSION_DIFFERENCE | ROE source=22.2000, calculated=13.6584, difference=8.5416
RECLTD | 2019 | VERSION_DIFFERENCE | ROE source=22.2000, calculated=16.6184, difference=5.5816
RECLTD | 2020 | VERSION_DIFFERENCE | ROE source=22.2000, calculated=14.0464, difference=8.1536
RELIANCE | 2024 | VERSION_DIFFERENCE | ROCE source=9.6100, calculated=15.1810, difference=5.5710
SBILIFE | 2013 | VERSION_DIFFERENCE | ROCE source=13.2000, calculated=26.2792, difference=13.0792
SBILIFE | 2013 | VERSION_DIFFERENCE | ROE source=12.0000, calculated=23.0263, difference=11.0263
SBILIFE | 2014 | VERSION_DIFFERENCE | ROCE source=13.2000, calculated=25.4768, difference=12.2768
SBILIFE | 2014 | VERSION_DIFFERENCE | ROE source=12.0000, calculated=21.6925, difference=9.6925
SBILIFE | 2015 | VERSION_DIFFERENCE | ROCE source=13.2000, calculated=24.0878, difference=10.8878
SBILIFE | 2015 | VERSION_DIFFERENCE | ROE source=12.0000, calculated=20.0937, difference=8.0937
SBILIFE | 2016 | VERSION_DIFFERENCE | ROCE source=13.2000, calculated=22.1635, difference=8.9635
SBILIFE | 2016 | VERSION_DIFFERENCE | ROE source=12.0000, calculated=17.8322, difference=5.8322
SBILIFE | 2017 | VERSION_DIFFERENCE | ROCE source=13.2000, calculated=21.7399, difference=8.5399
SBILIFE | 2017 | VERSION_DIFFERENCE | ROE source=12.0000, calculated=17.2010, difference=5.2010
SBILIFE | 2018 | VERSION_DIFFERENCE | ROCE source=13.2000, calculated=22.7941, difference=9.5941
SBILIFE | 2018 | VERSION_DIFFERENCE | ROE source=12.0000, calculated=17.6164, difference=5.6164
SBILIFE | 2019 | VERSION_DIFFERENCE | ROCE source=13.2000, calculated=22.9673, difference=9.7673
SBILIFE | 2019 | VERSION_DIFFERENCE | ROE source=12.0000, calculated=17.5158, difference=5.5158
SBILIFE | 2020 | VERSION_DIFFERENCE | ROCE source=13.2000, calculated=21.5029, difference=8.3029
SHREECEM | 2013 | VERSION_DIFFERENCE | ROCE source=14.8000, calculated=34.0608, difference=19.2608
SHREECEM | 2013 | VERSION_DIFFERENCE | ROE source=12.2000, calculated=26.1186, difference=13.9186
SHREECEM | 2014 | VERSION_DIFFERENCE | ROCE source=14.8000, calculated=25.2749, difference=10.4749
SHREECEM | 2015 | VERSION_DIFFERENCE | ROCE source=14.8000, calculated=23.3489, difference=8.5489
SHREECEM | 2016 | VERSION_DIFFERENCE | ROCE source=14.8000, calculated=26.9186, difference=12.1186
SHREECEM | 2017 | VERSION_DIFFERENCE | ROCE source=14.8000, calculated=31.9764, difference=17.1764
SHREECEM | 2017 | VERSION_DIFFERENCE | ROE source=12.2000, calculated=17.3941, difference=5.1941
SHREECEM | 2018 | VERSION_DIFFERENCE | ROCE source=14.8000, calculated=23.2683, difference=8.4683
SHREECEM | 2019 | VERSION_DIFFERENCE | ROCE source=14.8000, calculated=22.9758, difference=8.1758
SHREECEM | 2020 | VERSION_DIFFERENCE | ROCE source=14.8000, calculated=24.7257, difference=9.9257
SHREECEM | 2021 | VERSION_DIFFERENCE | ROCE source=14.8000, calculated=25.6255, difference=10.8255
SHREECEM | 2022 | VERSION_DIFFERENCE | ROCE source=14.8000, calculated=21.7163, difference=6.9163
SHREECEM | 2024 | VERSION_DIFFERENCE | ROCE source=14.8000, calculated=22.6719, difference=7.8719
SHRIRAMFIN | 2013 | VERSION_DIFFERENCE | ROCE source=11.3000, calculated=5.3678, difference=5.9322
SHRIRAMFIN | 2014 | VERSION_DIFFERENCE | ROCE source=11.3000, calculated=4.2490, difference=7.0510
SHRIRAMFIN | 2015 | VERSION_DIFFERENCE | ROCE source=11.3000, calculated=3.0253, difference=8.2747
SHRIRAMFIN | 2016 | VERSION_DIFFERENCE | ROCE source=11.3000, calculated=3.0467, difference=8.2533
SHRIRAMFIN | 2017 | VERSION_DIFFERENCE | ROCE source=11.3000, calculated=3.0631, difference=8.2369
SHRIRAMFIN | 2018 | VERSION_DIFFERENCE | ROCE source=11.3000, calculated=4.1035, difference=7.1965
SHRIRAMFIN | 2019 | VERSION_DIFFERENCE | ROCE source=11.3000, calculated=3.6784, difference=7.6216
SHRIRAMFIN | 2020 | VERSION_DIFFERENCE | ROCE source=11.3000, calculated=3.1707, difference=8.1293
SHRIRAMFIN | 2021 | VERSION_DIFFERENCE | ROCE source=11.3000, calculated=2.6633, difference=8.6367
SHRIRAMFIN | 2022 | VERSION_DIFFERENCE | ROCE source=11.3000, calculated=2.6139, difference=8.6861
SHRIRAMFIN | 2022 | VERSION_DIFFERENCE | ROE source=15.9000, calculated=10.4273, difference=5.4727
SHRIRAMFIN | 2023 | VERSION_DIFFERENCE | ROCE source=11.3000, calculated=4.2438, difference=7.0562
SHRIRAMFIN | 2024 | VERSION_DIFFERENCE | ROCE source=11.3000, calculated=4.0536, difference=7.2464
SIEMENS | 2011 | VERSION_DIFFERENCE | ROCE source=25.6000, calculated=38.5220, difference=12.9220
SIEMENS | 2014 | VERSION_DIFFERENCE | ROE source=19.1000, calculated=13.7829, difference=5.3171
SIEMENS | 2015 | VERSION_DIFFERENCE | ROCE source=25.6000, calculated=37.7480, difference=12.1480
SIEMENS | 2016 | VERSION_DIFFERENCE | ROCE source=25.6000, calculated=61.1746, difference=35.5746
SIEMENS | 2016 | VERSION_DIFFERENCE | ROE source=19.1000, calculated=42.8340, difference=23.7340
SIEMENS | 2018 | VERSION_DIFFERENCE | ROCE source=25.6000, calculated=19.3638, difference=6.2362
SIEMENS | 2018 | VERSION_DIFFERENCE | ROE source=19.1000, calculated=10.8567, difference=8.2433
SIEMENS | 2019 | VERSION_DIFFERENCE | ROE source=19.1000, calculated=12.1450, difference=6.9550
SIEMENS | 2020 | VERSION_DIFFERENCE | ROCE source=25.6000, calculated=13.8854, difference=11.7146
SIEMENS | 2020 | VERSION_DIFFERENCE | ROE source=19.1000, calculated=8.1016, difference=10.9984
SIEMENS | 2021 | VERSION_DIFFERENCE | ROCE source=25.6000, calculated=17.1288, difference=8.4712
SIEMENS | 2021 | VERSION_DIFFERENCE | ROE source=19.1000, calculated=10.5248, difference=8.5752
SIEMENS | 2022 | VERSION_DIFFERENCE | ROCE source=25.6000, calculated=19.9033, difference=5.6967
SIEMENS | 2022 | VERSION_DIFFERENCE | ROE source=19.1000, calculated=13.2903, difference=5.8097
SUNPHARMA | 2013 | VERSION_DIFFERENCE | ROCE source=17.3000, calculated=30.7803, difference=13.4803
SUNPHARMA | 2013 | VERSION_DIFFERENCE | ROE source=16.7000, calculated=23.1421, difference=6.4421
SUNPHARMA | 2014 | VERSION_DIFFERENCE | ROCE source=17.3000, calculated=23.8784, difference=6.5784
SUNPHARMA | 2015 | VERSION_DIFFERENCE | ROCE source=17.3000, calculated=23.6097, difference=6.3097
SUNPHARMA | 2017 | VERSION_DIFFERENCE | ROCE source=17.3000, calculated=23.0504, difference=5.7504
SUNPHARMA | 2018 | VERSION_DIFFERENCE | ROCE source=17.3000, calculated=11.2857, difference=6.0143
SUNPHARMA | 2018 | VERSION_DIFFERENCE | ROE source=16.7000, calculated=6.6347, difference=10.0653
SUNPHARMA | 2019 | VERSION_DIFFERENCE | ROCE source=17.3000, calculated=11.7848, difference=5.5152
SUNPHARMA | 2019 | VERSION_DIFFERENCE | ROE source=16.7000, calculated=7.7471, difference=8.9529
SUNPHARMA | 2020 | VERSION_DIFFERENCE | ROE source=16.7000, calculated=9.2168, difference=7.4832
SUNPHARMA | 2021 | VERSION_DIFFERENCE | ROCE source=17.3000, calculated=9.9758, difference=7.3242
SUNPHARMA | 2021 | VERSION_DIFFERENCE | ROE source=16.7000, calculated=4.8899, difference=11.8101
SUNPHARMA | 2022 | VERSION_DIFFERENCE | ROE source=16.7000, calculated=7.0588, difference=9.6412
TATACONSUM | 2016 | VERSION_DIFFERENCE | ROCE source=10.6000, calculated=5.3151, difference=5.2849
TATACONSUM | 2016 | VERSION_DIFFERENCE | ROE source=8.3200, calculated=-0.5923, difference=8.9123
TATAMOTORS | 2013 | VERSION_DIFFERENCE | ROCE source=20.1000, calculated=27.1573, difference=7.0573
TATAMOTORS | 2013 | VERSION_DIFFERENCE | ROE source=49.4000, calculated=26.5058, difference=22.8942
TATAMOTORS | 2014 | VERSION_DIFFERENCE | ROCE source=20.1000, calculated=27.4829, difference=7.3829
TATAMOTORS | 2014 | VERSION_DIFFERENCE | ROE source=49.4000, calculated=21.4164, difference=27.9836
TATAMOTORS | 2015 | VERSION_DIFFERENCE | ROCE source=20.1000, calculated=30.7634, difference=10.6634
TATAMOTORS | 2015 | VERSION_DIFFERENCE | ROE source=49.4000, calculated=25.0133, difference=24.3867
TATAMOTORS | 2016 | VERSION_DIFFERENCE | ROE source=49.4000, calculated=14.7913, difference=34.6087
TATAMOTORS | 2017 | VERSION_DIFFERENCE | ROE source=49.4000, calculated=13.0154, difference=36.3846
TATAMOTORS | 2018 | VERSION_DIFFERENCE | ROE source=49.4000, calculated=9.5266, difference=39.8734
TATAMOTORS | 2019 | VERSION_DIFFERENCE | ROCE source=20.1000, calculated=-1.2155, difference=21.3155
TATAMOTORS | 2019 | VERSION_DIFFERENCE | ROE source=49.4000, calculated=-47.7309, difference=97.1309
TATAMOTORS | 2020 | VERSION_DIFFERENCE | ROCE source=20.1000, calculated=9.6286, difference=10.4714
TATAMOTORS | 2020 | VERSION_DIFFERENCE | ROE source=49.4000, calculated=-18.9841, difference=68.3841
TATAMOTORS | 2021 | VERSION_DIFFERENCE | ROCE source=20.1000, calculated=10.7251, difference=9.3749
TATAMOTORS | 2021 | VERSION_DIFFERENCE | ROE source=49.4000, calculated=-24.2457, difference=73.6457
TATAMOTORS | 2022 | VERSION_DIFFERENCE | ROCE source=20.1000, calculated=14.2108, difference=5.8892
TATAMOTORS | 2022 | VERSION_DIFFERENCE | ROE source=49.4000, calculated=-25.3787, difference=74.7787
TATAMOTORS | 2023 | VERSION_DIFFERENCE | ROE source=49.4000, calculated=5.9353, difference=43.4647
TATAMOTORS | 2024 | VERSION_DIFFERENCE | ROCE source=20.1000, calculated=31.4102, difference=11.3102
TATAMOTORS | 2024 | VERSION_DIFFERENCE | ROE source=49.4000, calculated=31.4728, difference=17.9272
TATAPOWER | 2013 | VERSION_DIFFERENCE | ROE source=11.3000, calculated=0.9972, difference=10.3028
TATAPOWER | 2014 | VERSION_DIFFERENCE | ROE source=11.3000, calculated=0.0968, difference=11.2032
TATAPOWER | 2015 | VERSION_DIFFERENCE | ROE source=11.3000, calculated=3.1918, difference=8.1082
TATAPOWER | 2023 | VERSION_DIFFERENCE | ROCE source=11.1000, calculated=16.2377, difference=5.1377
TATASTEEL | 2013 | VERSION_DIFFERENCE | ROE source=6.5500, calculated=-21.2806, difference=27.8306
TATASTEEL | 2014 | VERSION_DIFFERENCE | ROCE source=7.0200, calculated=13.8342, difference=6.8142
TATASTEEL | 2015 | VERSION_DIFFERENCE | ROE source=6.5500, calculated=-12.5650, difference=19.1150
TATASTEEL | 2016 | VERSION_DIFFERENCE | ROE source=6.5500, calculated=-1.1365, difference=7.6865
TATASTEEL | 2017 | VERSION_DIFFERENCE | ROE source=6.5500, calculated=-11.0236, difference=17.5736
TATASTEEL | 2018 | VERSION_DIFFERENCE | ROCE source=7.0200, calculated=21.1289, difference=14.1089
TATASTEEL | 2018 | VERSION_DIFFERENCE | ROE source=6.5500, calculated=29.1485, difference=22.5985
TATASTEEL | 2019 | VERSION_DIFFERENCE | ROCE source=7.0200, calculated=18.1700, difference=11.1500
TATASTEEL | 2019 | VERSION_DIFFERENCE | ROE source=6.5500, calculated=13.2347, difference=6.6847
TATASTEEL | 2021 | VERSION_DIFFERENCE | ROCE source=7.0200, calculated=18.8546, difference=11.8346
TATASTEEL | 2022 | VERSION_DIFFERENCE | ROCE source=7.0200, calculated=34.0993, difference=27.0793
TATASTEEL | 2022 | VERSION_DIFFERENCE | ROE source=6.5500, calculated=36.4802, difference=29.9302
TATASTEEL | 2023 | VERSION_DIFFERENCE | ROCE source=7.0200, calculated=18.0178, difference=10.9978
TATASTEEL | 2024 | VERSION_DIFFERENCE | ROE source=6.5500, calculated=-5.4467, difference=11.9967
TCS | 2013 | VERSION_DIFFERENCE | ROCE source=64.3000, calculated=49.4316, difference=14.8684
TCS | 2013 | VERSION_DIFFERENCE | ROE source=0.5200, calculated=36.5174, difference=35.9974
TCS | 2014 | VERSION_DIFFERENCE | ROCE source=64.3000, calculated=54.1300, difference=10.1700
TCS | 2014 | VERSION_DIFFERENCE | ROE source=0.5200, calculated=39.2967, difference=38.7767
TCS | 2015 | VERSION_DIFFERENCE | ROCE source=64.3000, calculated=55.3056, difference=8.9944
TCS | 2015 | VERSION_DIFFERENCE | ROE source=0.5200, calculated=39.6169, difference=39.0969
TCS | 2016 | VERSION_DIFFERENCE | ROCE source=64.3000, calculated=47.3393, difference=16.9607
TCS | 2016 | VERSION_DIFFERENCE | ROE source=0.5200, calculated=34.2441, difference=33.7241
TCS | 2017 | VERSION_DIFFERENCE | ROCE source=64.3000, calculated=42.2321, difference=22.0679
TCS | 2017 | VERSION_DIFFERENCE | ROE source=0.5200, calculated=30.5716, difference=30.0516
TCS | 2018 | VERSION_DIFFERENCE | ROCE source=64.3000, calculated=42.3520, difference=21.9480
TCS | 2018 | VERSION_DIFFERENCE | ROE source=0.5200, calculated=30.4013, difference=29.8813
TCS | 2019 | VERSION_DIFFERENCE | ROCE source=64.3000, calculated=48.9532, difference=15.3468
TCS | 2019 | VERSION_DIFFERENCE | ROE source=0.5200, calculated=35.2861, difference=34.7661
TCS | 2020 | VERSION_DIFFERENCE | ROCE source=64.3000, calculated=50.5970, difference=13.7030
TCS | 2020 | VERSION_DIFFERENCE | ROE source=0.5200, calculated=38.5695, difference=38.0495
TCS | 2021 | VERSION_DIFFERENCE | ROCE source=64.3000, calculated=51.4306, difference=12.8694
TCS | 2021 | VERSION_DIFFERENCE | ROE source=0.5200, calculated=37.6731, difference=37.1531
TCS | 2022 | VERSION_DIFFERENCE | ROCE source=64.3000, calculated=58.8663, difference=5.4337
TCS | 2022 | VERSION_DIFFERENCE | ROE source=0.5200, calculated=43.1338, difference=42.6138
TCS | 2023 | VERSION_DIFFERENCE | ROE source=0.5200, calculated=46.7829, difference=46.2629
TCS | 2024 | VERSION_DIFFERENCE | ROE source=0.5200, calculated=45.4200, difference=44.9000
TECHM | 2013 | VERSION_DIFFERENCE | ROCE source=11.9000, calculated=18.8216, difference=6.9216
TECHM | 2013 | VERSION_DIFFERENCE | ROE source=8.6300, calculated=24.0877, difference=15.4577
TECHM | 2014 | VERSION_DIFFERENCE | ROCE source=11.9000, calculated=46.2651, difference=34.3651
TECHM | 2014 | VERSION_DIFFERENCE | ROE source=8.6300, calculated=33.3479, difference=24.7179
TECHM | 2015 | VERSION_DIFFERENCE | ROCE source=11.9000, calculated=33.2020, difference=21.3020
TECHM | 2015 | VERSION_DIFFERENCE | ROE source=8.6300, calculated=21.7097, difference=13.0797
TECHM | 2016 | VERSION_DIFFERENCE | ROCE source=11.9000, calculated=30.0536, difference=18.1536
TECHM | 2016 | VERSION_DIFFERENCE | ROE source=8.6300, calculated=20.7457, difference=12.1157
TECHM | 2017 | VERSION_DIFFERENCE | ROCE source=11.9000, calculated=27.8549, difference=15.9549
TECHM | 2017 | VERSION_DIFFERENCE | ROE source=8.6300, calculated=17.3450, difference=8.7150
TECHM | 2018 | VERSION_DIFFERENCE | ROCE source=11.9000, calculated=28.8465, difference=16.9465
TECHM | 2018 | VERSION_DIFFERENCE | ROE source=8.6300, calculated=20.0923, difference=11.4623
TECHM | 2019 | VERSION_DIFFERENCE | ROCE source=11.9000, calculated=30.5417, difference=18.6417
TECHM | 2019 | VERSION_DIFFERENCE | ROE source=8.6300, calculated=21.1437, difference=12.5137
TECHM | 2020 | VERSION_DIFFERENCE | ROCE source=11.9000, calculated=26.2724, difference=14.3724
TECHM | 2020 | VERSION_DIFFERENCE | ROE source=8.6300, calculated=17.8655, difference=9.2355
TECHM | 2021 | VERSION_DIFFERENCE | ROCE source=11.9000, calculated=27.3140, difference=15.4140
TECHM | 2021 | VERSION_DIFFERENCE | ROE source=8.6300, calculated=17.5065, difference=8.8765
TECHM | 2022 | VERSION_DIFFERENCE | ROCE source=11.9000, calculated=30.9619, difference=19.0619
TECHM | 2022 | VERSION_DIFFERENCE | ROE source=8.6300, calculated=20.9403, difference=12.3103
TECHM | 2023 | VERSION_DIFFERENCE | ROCE source=11.9000, calculated=28.4633, difference=16.5633
TECHM | 2023 | VERSION_DIFFERENCE | ROE source=8.6300, calculated=17.3936, difference=8.7636
TECHM | 2024 | VERSION_DIFFERENCE | ROCE source=11.9000, calculated=19.0759, difference=7.1759
TITAN | 2013 | VERSION_DIFFERENCE | ROCE source=22.7000, calculated=56.4975, difference=33.7975
TITAN | 2014 | VERSION_DIFFERENCE | ROCE source=22.7000, calculated=34.9550, difference=12.2550
TITAN | 2015 | VERSION_DIFFERENCE | ROCE source=22.7000, calculated=38.3166, difference=15.6166
TITAN | 2015 | VERSION_DIFFERENCE | ROE source=32.9000, calculated=26.4591, difference=6.4409
TITAN | 2016 | VERSION_DIFFERENCE | ROCE source=22.7000, calculated=27.8453, difference=5.1453
TITAN | 2016 | VERSION_DIFFERENCE | ROE source=32.9000, calculated=19.2472, difference=13.6528
TITAN | 2017 | VERSION_DIFFERENCE | ROE source=32.9000, calculated=16.4659, difference=16.4341
TITAN | 2018 | VERSION_DIFFERENCE | ROE source=32.9000, calculated=21.6503, difference=11.2497
TITAN | 2019 | VERSION_DIFFERENCE | ROE source=32.9000, calculated=22.8830, difference=10.0170
TITAN | 2020 | VERSION_DIFFERENCE | ROE source=32.9000, calculated=22.3872, difference=10.5128
TITAN | 2021 | VERSION_DIFFERENCE | ROCE source=22.7000, calculated=14.5032, difference=8.1968
TITAN | 2021 | VERSION_DIFFERENCE | ROE source=32.9000, calculated=12.9919, difference=19.9081
TITAN | 2022 | VERSION_DIFFERENCE | ROE source=32.9000, calculated=23.6268, difference=9.2732
TITAN | 2023 | VERSION_DIFFERENCE | ROE source=32.9000, calculated=27.6264, difference=5.2736
TORNTPHARM | 2013 | VERSION_DIFFERENCE | ROCE source=23.2000, calculated=33.0024, difference=9.8024
TORNTPHARM | 2013 | VERSION_DIFFERENCE | ROE source=24.2000, calculated=30.5907, difference=6.3907
TORNTPHARM | 2014 | VERSION_DIFFERENCE | ROCE source=23.2000, calculated=32.5865, difference=9.3865
TORNTPHARM | 2014 | VERSION_DIFFERENCE | ROE source=24.2000, calculated=34.8923, difference=10.6923
TORNTPHARM | 2015 | VERSION_DIFFERENCE | ROE source=24.2000, calculated=30.1485, difference=5.9485
TORNTPHARM | 2016 | VERSION_DIFFERENCE | ROCE source=23.2000, calculated=47.2973, difference=24.0973
TORNTPHARM | 2016 | VERSION_DIFFERENCE | ROE source=24.2000, calculated=49.5993, difference=25.3993
TORNTPHARM | 2018 | VERSION_DIFFERENCE | ROCE source=23.2000, calculated=14.8669, difference=8.3331
TORNTPHARM | 2018 | VERSION_DIFFERENCE | ROE source=24.2000, calculated=14.6658, difference=9.5342
TORNTPHARM | 2019 | VERSION_DIFFERENCE | ROCE source=23.2000, calculated=15.6369, difference=7.5631
TORNTPHARM | 2019 | VERSION_DIFFERENCE | ROE source=24.2000, calculated=9.2275, difference=14.9725
TORNTPHARM | 2022 | VERSION_DIFFERENCE | ROE source=24.2000, calculated=13.0522, difference=11.1478
TORNTPHARM | 2024 | VERSION_DIFFERENCE | ROCE source=23.2000, calculated=33.0512, difference=9.8512
TRENT | 2013 | VERSION_DIFFERENCE | ROCE source=23.8000, calculated=4.0025, difference=19.7975
TRENT | 2013 | VERSION_DIFFERENCE | ROE source=27.2000, calculated=-2.1933, difference=29.3933
TRENT | 2014 | VERSION_DIFFERENCE | ROCE source=23.8000, calculated=6.1224, difference=17.6776
TRENT | 2014 | VERSION_DIFFERENCE | ROE source=27.2000, calculated=-1.9173, difference=29.1173
TRENT | 2015 | VERSION_DIFFERENCE | ROCE source=23.8000, calculated=17.5252, difference=6.2748
TRENT | 2015 | VERSION_DIFFERENCE | ROE source=27.2000, calculated=9.0717, difference=18.1283
TRENT | 2016 | VERSION_DIFFERENCE | ROCE source=23.8000, calculated=9.4421, difference=14.3579
TRENT | 2016 | VERSION_DIFFERENCE | ROE source=27.2000, calculated=3.7568, difference=23.4432
TRENT | 2017 | VERSION_DIFFERENCE | ROCE source=23.8000, calculated=11.0882, difference=12.7118
TRENT | 2017 | VERSION_DIFFERENCE | ROE source=27.2000, calculated=5.4945, difference=21.7055
TRENT | 2018 | VERSION_DIFFERENCE | ROCE source=23.8000, calculated=11.8328, difference=11.9672
TRENT | 2018 | VERSION_DIFFERENCE | ROE source=27.2000, calculated=5.4545, difference=21.7455
TRENT | 2019 | VERSION_DIFFERENCE | ROCE source=23.8000, calculated=12.6636, difference=11.1364
TRENT | 2019 | VERSION_DIFFERENCE | ROE source=27.2000, calculated=5.7716, difference=21.4284
TRENT | 2020 | VERSION_DIFFERENCE | ROE source=27.2000, calculated=4.4389, difference=22.7611
TRENT | 2021 | VERSION_DIFFERENCE | ROCE source=23.8000, calculated=11.9786, difference=11.8214
TRENT | 2021 | VERSION_DIFFERENCE | ROE source=27.2000, calculated=-7.8253, difference=35.0253
TRENT | 2022 | VERSION_DIFFERENCE | ROCE source=23.8000, calculated=10.5375, difference=13.2625
TRENT | 2022 | VERSION_DIFFERENCE | ROE source=27.2000, calculated=1.4805, difference=25.7195
TRENT | 2023 | VERSION_DIFFERENCE | ROE source=27.2000, calculated=15.1772, difference=12.0228
TRENT | 2024 | VERSION_DIFFERENCE | ROCE source=23.8000, calculated=45.3849, difference=21.5849
